File Origin	Capture Number	Cell Number	SG Enrichment Score
WT_1	Capture 10	3	4.27073955
WT_1	Capture 10	4	5.79137931
WT_1	Capture 10	5	6.83556582
WT_1	Capture 10	6	6.230794165
WT_1	Capture 11	8	9.574647887
WT_1	Capture 11	14	3.136300692
WT_1	Capture 11	15	8.996116505
WT_1	Capture 12	5	3.95441989
WT_1	Capture 12	7	4.267423383
WT_1	Capture 13	1	6.922261484
WT_1	Capture 13	2	9.022707424
WT_1	Capture 13	9	2.458082192
WT_1	Capture 1	1	3.507708226
WT_1	Capture 1	3	1.914173615
WT_1	Capture 1	4	3.8226206
WT_1	Capture 1	5	4.083305113
WT_1	Capture 2	6	4.57708628
WT_1	Capture 3	3	4.549306431
WT_1	Capture 3	5	3.898448276
WT_1	Capture 4	2	3.62811344
WT_1	Capture 4	4	3.935804702
WT_1	Capture 4	7	6.407566204
WT_1	Capture 5	17	3.285760518
WT_1	Capture 6	1	3.885472973
WT_1	Capture 6	3	3.735119048
WT_1	Capture 6	7	3.170206264
WT_1	Capture 10	3	4.457312253
WT_1	Capture 10	7	4.548318043
WT_1	Capture 11	13	10.62705314
WT_1	Capture 1	7	2.211889597
WT_1	Capture 1	8	3.036656891
WT_1	Capture 2	11	5.222604423
WT_1	Capture 2	13	4.312367491
WT_1	Capture 4	5	4.028629032
WT_1	Capture 4	6	3.202008788
WT_1	Capture 6	7	6.900347222
WT_1	Capture 6	8	3.835443038
WT_1	Capture 6	10	4.186315789
WT_1	Capture 8	4	2.99330855
WT_1	Capture 8	5	3.187110187
WT_1	Capture 9	4	3.160550459
-3ILV_1	Capture 10	1	4.235695339143615
-3ILV_1	Capture 10	2	2.694428706326724
-3ILV_1	Capture 10	8	3.5579584775086506
-3ILV_1	Capture 10	10	2.3006031363088058
-3ILV_1	Capture 10	11	4.833645266594123
-3ILV_1	Capture 10	12	2.477295492487479
-3ILV_1	Capture 10	14	3.8325757575757575
-3ILV_1	Capture 10	15	3.74262996941896
-3ILV_1	Capture 10	16	4.048185483870969
-3ILV_1	Capture 10	17	3.806981342962772
-3ILV_1	Capture 11	1	3.9787297701618387
-3ILV_1	Capture 11	2	2.9494722658881654
-3ILV_1	Capture 11	3	3.4082970193480917
-3ILV_1	Capture 11	4	2.8790408336877924
-3ILV_1	Capture 11	6	3.3226680384087794
-3ILV_1	Capture 11	7	3.081327576902321
-3ILV_1	Capture 11	9	3.6027573314639563
-3ILV_1	Capture 11	10	3.294722439405786
-3ILV_1	Capture 11	11	2.6429226536227453
-3ILV_1	Capture 11	12	3.0509130913091314
-3ILV_1	Capture 11	13	4.974181360201511
-3ILV_1	Capture 12	4	3.051504854368932
-3ILV_1	Capture 12	5	19.47337076739833
-3ILV_1	Capture 12	6	3.6959302325581405
-3ILV_1	Capture 12	8	3.367461430575035
-3ILV_1	Capture 12	11	3.682318210068366
-3ILV_1	Capture 12	12	3.784372323213096
-3ILV_1	Capture 13	1	3.824048247267245
-3ILV_1	Capture 13	2	4.784369114877589
-3ILV_1	Capture 13	6	2.8003095017022592
-3ILV_1	Capture 13	7	2.472918861959958
-3ILV_1	Capture 13	8	2.447210390335871
-3ILV_1	Capture 13	10	2.923416618245206
-3ILV_1	Capture 13	11	4.735101453906375
-3ILV_1	Capture 13	13	3.7061858023282364
-3ILV_1	Capture 13	14	2.986996336996337
-3ILV_1	Capture 13	15	2.8400671986560266
-3ILV_1	Capture 13	16	2.1503775620280474
-3ILV_1	Capture 13	17	4.014700339238598
-3ILV_1	Capture 13	18	2.918293439166563
-3ILV_1	Capture 13	19	6.00074074074074
-3ILV_1	Capture 13	20	3.343163630171974
-3ILV_1	Capture 13	21	1.834344660194175
-3ILV_1	Capture 14	1	4.355844155844156
-3ILV_1	Capture 14	3	3.058762886597938
-3ILV_1	Capture 14	9	3.959520899535566
-3ILV_1	Capture 14	10	3.300658011737507
-3ILV_1	Capture 3	1	3.474823766364552
-3ILV_1	Capture 3	2	2.5092202786836646
-3ILV_1	Capture 3	5	3.651304996271439
-3ILV_1	Capture 3	9	4.6459423205902075
-3ILV_1	Capture 3	10	4.116660194174758
-3ILV_1	Capture 3	13	3.854328358208955
-3ILV_1	Capture 3	14	3.8521739130434782
-3ILV_1	Capture 3	15	2.0914132379248658
-3ILV_1	Capture 3	16	5.073051643192489
-3ILV_1	Capture 3	19	3.476178504085481
-3ILV_1	Capture 3	20	2.89175585768007
-3ILV_1	Capture 3	21	3.00451467268623
-3ILV_1	Capture 3	22	2.302521008403361
-3ILV_1	Capture 3	23	3.001993620414673
-3ILV_1	Capture 3	25	4.912301013024603
-3ILV_1	Capture 3	26	2.5499595141700406
-3ILV_1	Capture 3	27	3.1670719351570416
-3ILV_1	Capture 3	28	3.877892561983471
-3ILV_1	Capture 4	2	4.451622641509434
-3ILV_1	Capture 4	7	4.145332837486054
-3ILV_1	Capture 4	9	3.592425905598244
-3ILV_1	Capture 4	10	3.5419915348629982
-3ILV_1	Capture 4	11	2.7402484939759035
-3ILV_1	Capture 4	12	3.576263434713012
-3ILV_1	Capture 4	15	3.8188362327534495
-3ILV_1	Capture 4	16	1.8530825496342738
-3ILV_1	Capture 4	18	2.772765421737306
-3ILV_1	Capture 4	19	3.201782820097245
-3ILV_1	Capture 5	5	2.91683569979716
-3ILV_1	Capture 5	6	3.57
-3ILV_1	Capture 5	7	3.6752941176470593
-3ILV_1	Capture 5	10	2.986088709677419
-3ILV_1	Capture 6	1	3.27764705882353
-3ILV_1	Capture 6	2	7.705380972879895
-3ILV_1	Capture 6	6	5.438449984980475
-3ILV_1	Capture 7	1	2.443739565943239
-3ILV_1	Capture 7	3	2.1881515595562067
-3ILV_1	Capture 7	4	4.005998956703182
-3ILV_1	Capture 7	5	3.209464508094645
-3ILV_1	Capture 7	6	4.123936553713049
-3ILV_1	Capture 7	11	3.880319553639361
-3ILV_1	Capture 7	12	2.7997888439204646
-3ILV_1	Capture 7	13	2.9113405797101457
-3ILV_1	Capture 8	1	2.67205744614424
-3ILV_1	Capture 8	2	5.636906242228301
-3ILV_1	Capture 8	3	4.1371889710827165
-3ILV_1	Capture 8	5	2.805388739946381
-3ILV_1	Capture 8	10	2.3043500381582294
-3ILV_1	Capture 9	2	1.9969199178644763
-3ILV_1	Capture 9	6	3.088248337028825
-3ILV_1	Capture 9	7	4.982832618025751
-3ILV_1	Capture 9	12	3.0075468056359775
-3ILV_1	Capture 9	15	6.849339061467289
-6ILV_1	Capture 10	4	3.8968253968253967
-6ILV_1	Capture 10	5	3.1188059701492534
-6ILV_1	Capture 10	6	3.969243156199678
-6ILV_1	Capture 10	9	4.274889310562934
-6ILV_1	Capture 10	12	2.1484628021591177
-6ILV_1	Capture 10	13	1.70552783109405
-6ILV_1	Capture 10	17	2.6357677902621726
-6ILV_1	Capture 11	2	2.5116571428571426
-6ILV_1	Capture 11	3	3.0365646258503403
-6ILV_1	Capture 11	7	2.914544865565274
-6ILV_1	Capture 11	10	3.0290697674418605
-6ILV_1	Capture 11	11	4.8244155844155845
-6ILV_1	Capture 11	12	3.2406871609403254
-6ILV_1	Capture 12	1	3.279796107506951
-6ILV_1	Capture 12	2	3.2404170008019246
-6ILV_1	Capture 12	6	2.899449303530936
-6ILV_1	Capture 12	9	3.261795407098121
-6ILV_1	Capture 12	13	3.412726138490331
-6ILV_1	Capture 13	3	4.868344155844156
-6ILV_1	Capture 13	6	3.084481648422408
-6ILV_1	Capture 13	8	4.947019867549669
-6ILV_1	Capture 13	15	2.8196742254870646
-6ILV_1	Capture 13	16	2.2201275298031606
-6ILV_1	Capture 1	7	2.8330897703549063
-6ILV_1	Capture 1	8	4.662345229424617
-6ILV_1	Capture 1	11	2.77764950357885
-6ILV_1	Capture 1	12	2.906011730205279
-6ILV_1	Capture 2	2	4.249452269170578
-6ILV_1	Capture 2	5	4.473794549266247
-6ILV_1	Capture 2	7	3.2465558194774347
-6ILV_1	Capture 2	10	2.3348439073514604
-6ILV_1	Capture 2	12	3.6509625126646403
-6ILV_1	Capture 2	13	2.5712103407755587
-6ILV_1	Capture 2	14	3.4726895119418493
-6ILV_1	Capture 3	2	3.235925925925926
-6ILV_1	Capture 3	5	4.273517786561265
-6ILV_1	Capture 3	9	2.8784439359267737
-6ILV_1	Capture 4	1	2.7543103448275863
-6ILV_1	Capture 4	2	4.340019860973188
-6ILV_1	Capture 4	3	2.13361142976327
-6ILV_1	Capture 4	5	2.457568978374348
-6ILV_1	Capture 4	9	3.883760107816713
-6ILV_1	Capture 4	10	2.4535666218034993
-6ILV_1	Capture 4	12	2.0663017298007444
-6ILV_1	Capture 4	13	2.966689143627782
-6ILV_1	Capture 4	15	5.0037267080745345
-6ILV_1	Capture 4	17	3.9282
-6ILV_1	Capture 5	2	3.378937381404175
-6ILV_1	Capture 5	4	3.3336152219873147
-6ILV_1	Capture 5	8	2.2998510796723752
-6ILV_1	Capture 5	10	2.6215954164830326
-6ILV_1	Capture 6	2	3.7902403495994172
-6ILV_1	Capture 6	3	3.5996946564885492
-6ILV_1	Capture 6	4	2.4412521440823327
-6ILV_1	Capture 6	10	3.0485135135135137
-6ILV_1	Capture 6	12	2.586595650244119
-6ILV_1	Capture 6	14	2.529217391304348
-6ILV_1	Capture 6	15	2.302219482120839
-6ILV_1	Capture 6	17	2.613275039745628
-6ILV_1	Capture 6	18	2.412139605462823
-6ILV_1	Capture 7	5	12.703157894736844
-6ILV_1	Capture 7	6	3.543106457242583
-6ILV_1	Capture 7	9	2.8164251207729474
-6ILV_1	Capture 7	10	3.1573917931422146
-6ILV_1	Capture 8	2	3.5496989966555192
-6ILV_1	Capture 8	4	2.717815482502651
-6ILV_1	Capture 8	5	2.5823493360572014
-6ILV_1	Capture 8	7	5.369250985545335
-6ILV_1	Capture 8	10	3.314919852034525
-6ILV_1	Capture 8	12	2.907512520868113
-6ILV_1	Capture 8	13	3.6117982873453855
-6ILV_1	Capture 8	16	2.2537150647580093
-6ILV_1	Capture 8	17	3.6495472186287192
-6ILV_1	Capture 8	18	2.6872007366482507
-6ILV_1	Capture 8	20	3.0885613207547173
-6ILV_1	Capture 9	1	2.796747967479675
-6ILV_1	Capture 9	2	5.050448430493273
-6ILV_1	Capture 9	4	2.282587064676617
-6ILV_1	Capture 9	6	2.7156780703913364
-6ILV_1	Capture 9	7	2.335459770114943
-6ILV_1	Capture 9	9	3.2097152428810722
-6ILV_1	Capture 9	10	2.911968699982216
-6ILV_1	Capture 9	11	3.8243761996161227
-6ILV_1	Capture 9	13	3.2701612903225805
-9ILV_1	Capture 10	1	1.7727500000000003
-9ILV_1	Capture 10	8	1.9944306464965755
-9ILV_1	Capture 10	13	1.6538836076976582
-9ILV_1	Capture 10	14	2.8202308214528173
-9ILV_1	Capture 10	15	2.0578606775789874
-9ILV_1	Capture 11	2	2.077606109039247
-9ILV_1	Capture 11	4	1.78732747804266
-9ILV_1	Capture 11	5	1.473137931034483
-9ILV_1	Capture 11	14	2.2882861635220126
-9ILV_1	Capture 12	1	2.2304909560723516
-9ILV_1	Capture 12	2	2.071861471861472
-9ILV_1	Capture 12	6	1.720644216691069
-9ILV_1	Capture 12	7	1.9453753351206435
-9ILV_1	Capture 12	8	2.2125888324873095
-9ILV_1	Capture 12	11	1.6689580631214873
-9ILV_1	Capture 12	14	1.7486513486513486
-9ILV_1	Capture 13	1	1.746228850014339
-9ILV_1	Capture 13	12	1.966993006993007
-9ILV_1	Capture 13	14	1.9322763306908268
-9ILV_1	Capture 2	1	1.9983948635634032
-9ILV_1	Capture 2	10	2.0634615384615387
-9ILV_1	Capture 2	15	1.6231635388739944
-9ILV_1	Capture 3	1	1.9229983879634605
-9ILV_1	Capture 3	4	1.7118965614589803
-9ILV_1	Capture 3	5	1.4449429296131897
-9ILV_1	Capture 3	7	1.9316371681415931
-9ILV_1	Capture 3	10	1.9464440734557598
-9ILV_1	Capture 4	1	1.9553450608930987
-9ILV_1	Capture 4	2	1.4598017621145374
-9ILV_1	Capture 4	3	1.8733901121728294
-9ILV_1	Capture 4	6	1.6140854585374091
-9ILV_1	Capture 4	8	1.6584943371085943
-9ILV_1	Capture 4	9	1.9188217967599412
-9ILV_1	Capture 4	11	2.384306784660767
-9ILV_1	Capture 4	15	1.970992366412214
-9ILV_1	Capture 4	18	1.7483584395519505
-9ILV_1	Capture 4	22	1.868837492391966
-9ILV_1	Capture 4	23	1.4094202898550725
-9ILV_1	Capture 4	24	1.5301344364012408
-9ILV_1	Capture 4	25	1.6357562492800368
-9ILV_1	Capture 5	2	1.9738724095895976
-9ILV_1	Capture 5	3	1.6909594095940959
-9ILV_1	Capture 5	4	1.9432798499687438
-9ILV_1	Capture 5	13	2.1417448923246822
-9ILV_1	Capture 5	15	1.871361502347418
-9ILV_1	Capture 5	16	2.0040517726505347
-9ILV_1	Capture 6	3	1.97151248164464
-9ILV_1	Capture 6	4	1.5426088382389114
-9ILV_1	Capture 6	5	2.108981001727116
-9ILV_1	Capture 6	10	1.668411494498451
-9ILV_1	Capture 7	5	2.3688622754491018
-9ILV_1	Capture 7	14	1.5192798199549888
-9ILV_1	Capture 7	16	1.899800239712345
-9ILV_1	Capture 7	17	1.7341999380996598
-9ILV_1	Capture 7	18	1.5771175493633514
-9ILV_1	Capture 7	19	2.4865440980548894
-9ILV_1	Capture 8	3	1.7001586462189318
-9ILV_1	Capture 8	4	1.6309397163120567
-9ILV_1	Capture 8	5	1.8113325517780383
-9ILV_1	Capture 8	6	1.6852491366551554
-9ILV_1	Capture 8	10	1.716555612506407
-9ILV_1	Capture 8	12	1.9913994169096214
-9ILV_1	Capture 9	1	1.6591305865921788
-9ILV_1	Capture 9	5	1.6187725631768952
-9ILV_1	Capture 9	6	1.7415067519545133
-9ILV_1	Capture 9	11	2.450493096646943
-9ILV_1	Capture 9	12	1.8618662747979426
-12ILV_1	Capture 10	2	1.6154144241119484
-12ILV_1	Capture 10	3	1.3825206301575395
-12ILV_1	Capture 10	4	1.7715200602750047
-12ILV_1	Capture 10	5	1.2396158794339276
-12ILV_1	Capture 10	7	1.3519414788453934
-12ILV_1	Capture 10	9	1.2883578857827787
-12ILV_1	Capture 10	10	1.3451532982347476
-12ILV_1	Capture 10	11	1.3125118708452042
-12ILV_1	Capture 10	12	1.6443836353848917
-12ILV_1	Capture 10	14	1.8061946902654866
-12ILV_1	Capture 10	16	1.3932908836775897
-12ILV_1	Capture 10	18	1.2139404485692191
-12ILV_1	Capture 10	19	1.3287586547972305
-12ILV_1	Capture 10	20	1.2133731992389236
-12ILV_1	Capture 10	21	1.5092451523545707
-12ILV_1	Capture 11	1	2.1549013835737414
-12ILV_1	Capture 11	6	1.2811648079306073
-12ILV_1	Capture 11	8	1.3138888888888889
-12ILV_1	Capture 11	9	1.4773533195368869
-12ILV_1	Capture 11	11	1.3601504449133106
-12ILV_1	Capture 11	12	1.5365382520605644
-12ILV_1	Capture 11	14	1.4618656973031392
-12ILV_1	Capture 11	17	1.306997362662028
-12ILV_1	Capture 11	18	1.3019247815626187
-12ILV_1	Capture 11	20	1.567768201765981
-12ILV_1	Capture 11	21	1.2849885488236519
-12ILV_1	Capture 11	22	1.1736296612885992
-12ILV_1	Capture 12	1	1.6550570868411947
-12ILV_1	Capture 12	2	1.4556872457102423
-12ILV_1	Capture 12	6	1.2547645368118505
-12ILV_1	Capture 12	7	1.4913187541418158
-12ILV_1	Capture 12	8	1.2225759162303664
-12ILV_1	Capture 12	10	1.4179900380896573
-12ILV_1	Capture 12	14	1.3843785819551337
-12ILV_1	Capture 12	15	1.3271864159211246
-12ILV_1	Capture 12	17	1.5110917588318966
-12ILV_1	Capture 12	18	1.1600082761882242
-12ILV_1	Capture 13	2	1.4336628945801073
-12ILV_1	Capture 13	4	1.46685837526959
-12ILV_1	Capture 13	5	1.2966328166755745
-12ILV_1	Capture 13	7	1.3870265803608317
-12ILV_1	Capture 13	8	1.4865614430665162
-12ILV_1	Capture 13	9	1.6703614457831324
-12ILV_1	Capture 13	10	1.560418648905804
-12ILV_1	Capture 13	11	1.3795990306234853
-12ILV_1	Capture 13	12	1.4495579550616766
-12ILV_1	Capture 13	14	1.2939120557460844
-12ILV_1	Capture 13	18	1.2723375624759707
-12ILV_1	Capture 13	19	1.4834971334971336
-12ILV_1	Capture 13	20	1.408160388440755
-12ILV_1	Capture 13	23	1.4691468357061208
-12ILV_1	Capture 13	26	1.4790157648061355
-12ILV_1	Capture 13	27	1.5547743252438195
-12ILV_1	Capture 13	28	1.4139433074313232
-12ILV_1	Capture 13	29	1.3517219611418951
-12ILV_1	Capture 13	30	1.565977773445116
-12ILV_1	Capture 13	34	1.6015788111465794
-12ILV_1	Capture 13	38	1.7314502098045237
-12ILV_1	Capture 13	40	1.388228690562104
-12ILV_1	Capture 14	1	1.4736039749308338
-12ILV_1	Capture 14	3	1.2518663348738002
-12ILV_1	Capture 14	6	1.4269888475836432
-12ILV_1	Capture 14	9	1.3407796181031755
-12ILV_1	Capture 14	18	1.5573093296774658
-12ILV_1	Capture 14	19	1.1386849590095365
-12ILV_1	Capture 14	20	1.5916243264049266
-12ILV_1	Capture 14	22	1.635750999428898
-12ILV_1	Capture 14	23	1.542467043314501
-12ILV_1	Capture 15	1	1.6278601278708436
-12ILV_1	Capture 15	2	1.2809708687938703
-12ILV_1	Capture 15	4	1.5605542095699576
-12ILV_1	Capture 15	5	1.3312392815236032
-12ILV_1	Capture 15	10	1.4174796238244516
-12ILV_1	Capture 15	12	1.4799659477866063
-12ILV_1	Capture 15	17	1.2803242906142813
-12ILV_1	Capture 15	19	1.6502172024326673
-12ILV_1	Capture 15	20	1.2255445241055158
-12ILV_1	Capture 15	21	1.421141600970285
-12ILV_1	Capture 15	22	1.785952530574757
-12ILV_1	Capture 15	23	1.5457917391702536
-12ILV_1	Capture 16	1	1.2928649595097395
-12ILV_1	Capture 16	2	1.3656894088837495
-12ILV_1	Capture 16	3	1.3820922280136783
-12ILV_1	Capture 16	4	1.347023473213827
-12ILV_1	Capture 16	5	1.3819451591560683
-12ILV_1	Capture 16	6	1.3826734044026028
-12ILV_1	Capture 16	8	1.5506474519632414
-12ILV_1	Capture 16	14	1.1053635749662314
-12ILV_1	Capture 16	15	1.5726169718105203
-12ILV_1	Capture 16	16	1.6438919986829108
-12ILV_1	Capture 17	3	1.4539786967418546
-12ILV_1	Capture 17	4	1.5226384627805585
-12ILV_1	Capture 17	6	1.3038205223726147
-12ILV_1	Capture 17	7	1.1888382687927108
-12ILV_1	Capture 17	8	1.232565236101874
-12ILV_1	Capture 17	9	1.511888431641518
-12ILV_1	Capture 17	11	1.3768122270742358
-12ILV_1	Capture 17	12	1.4068452684119386
-12ILV_1	Capture 17	13	1.366188978212746
-12ILV_1	Capture 17	14	1.4761015178516563
-12ILV_1	Capture 17	15	1.3776348949919226
-12ILV_1	Capture 17	16	1.3609600192968703
-12ILV_1	Capture 18	1	1.4010675381263615
-12ILV_1	Capture 18	2	1.3527405136067459
-12ILV_1	Capture 18	3	1.5212785853948825
-12ILV_1	Capture 18	4	1.5468160597572365
-12ILV_1	Capture 18	5	1.1772940751445087
-12ILV_1	Capture 18	8	1.320639642989959
-12ILV_1	Capture 18	12	1.50500850701829
-12ILV_1	Capture 18	13	1.3972574650775342
-12ILV_1	Capture 18	14	1.271948330577035
-12ILV_1	Capture 18	15	1.5697565401481932
-12ILV_1	Capture 18	16	1.3741951819431382
-12ILV_1	Capture 18	17	1.51471837488458
-12ILV_1	Capture 18	18	1.5789289871944123
-12ILV_1	Capture 18	19	1.4126421849751274
-12ILV_1	Capture 18	20	1.3648479663024877
-12ILV_1	Capture 19	1	1.2268306519321972
-12ILV_1	Capture 19	2	1.5061091572228735
-12ILV_1	Capture 19	3	1.4493235443505563
-12ILV_1	Capture 19	4	1.3795199295309406
-12ILV_1	Capture 19	5	1.2531770119443901
-12ILV_1	Capture 19	6	1.540752478465789
-12ILV_1	Capture 19	9	1.3975418734491316
-12ILV_1	Capture 19	10	1.7740725899993675
-12ILV_1	Capture 19	12	1.4231668142591725
-12ILV_1	Capture 19	15	1.4164561839119825
-12ILV_1	Capture 19	17	1.460379468909234
-12ILV_1	Capture 19	19	1.7455668687793158
-12ILV_1	Capture 19	20	1.1713015728288123
-12ILV_1	Capture 19	22	1.6179775280898876
-12ILV_1	Capture 19	23	1.533614200651612
-12ILV_1	Capture 19	24	1.953572750833025
-12ILV_1	Capture 19	25	1.5000115566855425
-12ILV_1	Capture 19	27	1.4330513051305132
-12ILV_1	Capture 19	28	1.4435875943000838
-12ILV_1	Capture 1	2	1.3999266969652544
-12ILV_1	Capture 1	5	1.721326620933835
-12ILV_1	Capture 1	9	1.4105074959813666
-12ILV_1	Capture 1	10	1.2576688424137474
-12ILV_1	Capture 20	1	1.696146788990826
-12ILV_1	Capture 20	6	1.8705882352941174
-12ILV_1	Capture 20	9	1.691868326572481
-12ILV_1	Capture 20	13	1.3484126061169903
-12ILV_1	Capture 20	14	1.2077436312171452
-12ILV_1	Capture 20	15	1.4519726781527171
-12ILV_1	Capture 20	16	1.3463370515526076
-12ILV_1	Capture 20	18	1.3941979847235186
-12ILV_1	Capture 20	19	1.4049634807193907
-12ILV_1	Capture 20	20	1.3557415235958934
-12ILV_1	Capture 20	21	1.5022007352570883
-12ILV_1	Capture 20	23	1.4834677007857944
-12ILV_1	Capture 20	24	1.6264034068912119
-12ILV_1	Capture 20	25	1.2559931310818546
-12ILV_1	Capture 20	27	1.2510724403075677
-12ILV_1	Capture 20	28	1.6972354033422736
-12ILV_1	Capture 20	29	1.3131573562512788
-12ILV_1	Capture 21	2	1.164832112226119
-12ILV_1	Capture 21	3	1.4613057324840766
-12ILV_1	Capture 21	5	1.8991228070175439
-12ILV_1	Capture 21	6	1.5533404832502682
-12ILV_1	Capture 21	7	1.4943282314930548
-12ILV_1	Capture 21	10	1.2178899082568808
-12ILV_1	Capture 21	11	1.4046389496717724
-12ILV_1	Capture 21	13	1.2111097019657577
-12ILV_1	Capture 21	15	1.4376590330788803
-12ILV_1	Capture 21	16	1.448602181608033
-12ILV_1	Capture 21	18	1.3397446314567616
-12ILV_1	Capture 21	24	1.4286530838019729
-12ILV_1	Capture 21	25	1.486317262715922
-12ILV_1	Capture 22	3	1.8488305489260144
-12ILV_1	Capture 22	4	1.462390832952036
-12ILV_1	Capture 22	6	1.3655430711610488
-12ILV_1	Capture 22	7	1.622057763102964
-12ILV_1	Capture 22	8	1.3549607072691554
-12ILV_1	Capture 22	9	1.6939993775287892
-12ILV_1	Capture 22	10	1.4737809621289661
-12ILV_1	Capture 22	11	1.2952618065821209
-12ILV_1	Capture 22	13	1.516978653530378
-12ILV_1	Capture 22	17	1.4877643145640294
-12ILV_1	Capture 22	18	1.6591175977185035
-12ILV_1	Capture 23	1	1.3384513785702492
-12ILV_1	Capture 23	2	1.312439109255393
-12ILV_1	Capture 23	3	1.298683223033363
-12ILV_1	Capture 23	4	1.2828105856407743
-12ILV_1	Capture 23	5	1.4148403928790667
-12ILV_1	Capture 23	7	1.4653096144201554
-12ILV_1	Capture 23	8	1.3765319426336378
-12ILV_1	Capture 23	9	1.4999639985599424
-12ILV_1	Capture 2	3	1.3987518183097931
-12ILV_1	Capture 2	4	1.6384012918853454
-12ILV_1	Capture 2	5	1.25545805828369
-12ILV_1	Capture 2	9	1.3638588337811341
-12ILV_1	Capture 2	10	1.5346125000000002
-12ILV_1	Capture 2	12	1.2605704392199748
-12ILV_1	Capture 2	13	1.5003601641678534
-12ILV_1	Capture 3	1	1.5828947368421056
-12ILV_1	Capture 3	3	1.7139582974323626
-12ILV_1	Capture 4	1	1.1097488340731585
-12ILV_1	Capture 4	2	1.3041326404355358
-12ILV_1	Capture 4	5	1.4219700040535064
-12ILV_1	Capture 4	6	1.18571131014372
-12ILV_1	Capture 4	10	1.2253546987147388
-12ILV_1	Capture 4	11	1.2897061685152753
-12ILV_1	Capture 5	1	1.3865674166807647
-12ILV_1	Capture 5	2	1.1294332808593388
-12ILV_1	Capture 5	3	1.1563238412602241
-12ILV_1	Capture 5	5	1.187980598604046
-12ILV_1	Capture 5	8	1.2748620170597091
-12ILV_1	Capture 5	9	1.5208398481125753
-12ILV_1	Capture 5	10	1.4346017306412249
-12ILV_1	Capture 5	11	1.5145240347407343
-12ILV_1	Capture 5	12	1.5792954708842557
-12ILV_1	Capture 5	13	1.3317239178985432
-12ILV_1	Capture 5	14	1.3310843373493977
-12ILV_1	Capture 5	15	1.337019969278034
-12ILV_1	Capture 5	17	1.362675441541871
-12ILV_1	Capture 5	18	1.435946032765821
-12ILV_1	Capture 5	19	1.540576708618767
-12ILV_1	Capture 5	20	1.3681597162633716
-12ILV_1	Capture 5	21	1.6425365521931319
-12ILV_1	Capture 6	1	1.4721795390214314
-12ILV_1	Capture 6	5	1.2717930161027682
-12ILV_1	Capture 6	6	1.3101146671230532
-12ILV_1	Capture 6	7	1.2445646922407962
-12ILV_1	Capture 6	9	1.3610900832702497
-12ILV_1	Capture 7	4	1.4848333151957052
-12ILV_1	Capture 7	5	1.5501638213485085
-12ILV_1	Capture 7	6	1.4684009985547235
-12ILV_1	Capture 7	7	1.1889314148877381
-12ILV_1	Capture 7	8	1.323113123462512
-12ILV_1	Capture 7	9	1.5164955210836792
-12ILV_1	Capture 7	11	1.3840133306402747
-12ILV_1	Capture 7	12	1.4163542188805345
-12ILV_1	Capture 8	5	1.4156254025505604
-12ILV_1	Capture 8	7	1.463368948687508
-12ILV_1	Capture 8	8	1.5563384548798964
-12ILV_1	Capture 8	9	1.400191877198593
-12ILV_1	Capture 8	14	1.3180549592099613
-12ILV_1	Capture 8	16	1.3909665484815783
-12ILV_1	Capture 8	17	2.3079207920792078
-12ILV_1	Capture 8	18	1.3778379191099084
-12ILV_1	Capture 8	21	1.4366353071389042
-12ILV_1	Capture 8	22	1.4668859649122807
-12ILV_1	Capture 8	25	1.2474173037079375
-12ILV_1	Capture 8	26	1.4735697018533442
-12ILV_1	Capture 9	2	1.21203007518797
-12ILV_1	Capture 9	4	1.3767251600663981
-12ILV_1	Capture 9	7	1.0905074214704868
-12ILV_1	Capture 9	8	1.4200707098177863
-12ILV_1	Capture 9	9	1.5838500554230628
-12ILV_1	Capture 9	10	1.1210526315789473
-12ILV_1	Capture 9	12	1.3268723297310883
-12ILV_1	Capture 9	14	1.506541621454038
-12ILV_1	Capture 9	16	1.363527676027676
-12ILV_1	Capture 9	17	1.4618878520109009
-12ILV_1	Capture 9	20	1.5664096820178628
-12ILV_1	Capture 9	21	1.6139030292914964
-12ILV_1	Capture 9	22	1.6154648324828047
-15ILV_1	Capture 10	1	1.8871085214857974
-15ILV_1	Capture 10	2	1.4601357082273112
-15ILV_1	Capture 10	3	1.4606958762886597
-15ILV_1	Capture 10	5	1.1179560096637808
-15ILV_1	Capture 10	7	1.3026405675249606
-15ILV_1	Capture 10	8	1.1965625
-15ILV_1	Capture 11	4	1.2985311470073646
-15ILV_1	Capture 11	7	1.4458930899608866
-15ILV_1	Capture 11	8	1.4953832902670112
-15ILV_1	Capture 11	9	1.0907614337180194
-15ILV_1	Capture 11	10	1.3218020917135962
-15ILV_1	Capture 11	13	1.4958321933424532
-15ILV_1	Capture 11	16	1.5835077269800386
-15ILV_1	Capture 12	3	1.6763462611607143
-15ILV_1	Capture 12	6	1.5520646478998312
-15ILV_1	Capture 12	8	1.5556944444444443
-15ILV_1	Capture 12	9	1.2070682090147586
-15ILV_1	Capture 12	10	1.096141414141414
-15ILV_1	Capture 12	12	1.3292715931218853
-15ILV_1	Capture 12	14	1.318115493151628
-15ILV_1	Capture 12	15	1.7011647387315516
-15ILV_1	Capture 12	17	1.4005792903692975
-15ILV_1	Capture 13	3	1.2161931575804112
-15ILV_1	Capture 13	4	1.4410584720443875
-15ILV_1	Capture 13	6	1.2938189845474615
-15ILV_1	Capture 13	8	1.418508905396939
-15ILV_1	Capture 13	9	1.2866515013648772
-15ILV_1	Capture 13	10	2.3149632705206002
-15ILV_1	Capture 13	14	1.9991639163916393
-15ILV_1	Capture 13	15	1.3498416930511583
-15ILV_1	Capture 14	2	1.3754448398576513
-15ILV_1	Capture 14	5	1.9841040004227661
-15ILV_1	Capture 14	6	1.4010555084346434
-15ILV_1	Capture 14	7	1.7637113606997317
-15ILV_1	Capture 14	8	1.426607142857143
-15ILV_1	Capture 14	10	1.5179580306698952
-15ILV_1	Capture 15	1	1.3289716490521724
-15ILV_1	Capture 15	2	1.5588124292363819
-15ILV_1	Capture 15	7	1.2538204307648053
-15ILV_1	Capture 16	1	1.3447714082069036
-15ILV_1	Capture 16	2	1.316692897894944
-15ILV_1	Capture 16	4	1.4393377832425784
-15ILV_1	Capture 16	8	1.21680550248376
-15ILV_1	Capture 16	9	1.2777707956955462
-15ILV_1	Capture 16	11	1.3692760447321957
-15ILV_1	Capture 16	12	1.6006415944304142
-15ILV_1	Capture 17	5	1.5171726594301225
-15ILV_1	Capture 17	6	1.303017804358287
-15ILV_1	Capture 17	7	1.5816874763526294
-15ILV_1	Capture 17	9	1.2400423039375206
-15ILV_1	Capture 17	10	1.9043756670224121
-15ILV_1	Capture 17	12	1.60310085007728
-15ILV_1	Capture 17	14	1.2154323308270678
-15ILV_1	Capture 17	15	1.2923475788241199
-15ILV_1	Capture 17	16	1.6214558776680472
-15ILV_1	Capture 17	17	1.3941729323308272
-15ILV_1	Capture 18	1	1.5321987603739888
-15ILV_1	Capture 18	2	1.1940348153897329
-15ILV_1	Capture 18	3	1.2372671824470916
-15ILV_1	Capture 18	5	1.3853809662116374
-15ILV_1	Capture 18	6	1.9209993498653293
-15ILV_1	Capture 18	7	1.436116598244499
-15ILV_1	Capture 18	8	1.4664637374272103
-15ILV_1	Capture 18	9	1.5997814567553812
-15ILV_1	Capture 18	12	1.2068575233022638
-15ILV_1	Capture 19	1	1.7543293219841503
-15ILV_1	Capture 19	2	1.5515606176760486
-15ILV_1	Capture 19	4	1.2889244444444445
-15ILV_1	Capture 19	5	1.2630599630408461
-15ILV_1	Capture 19	6	1.4200832290151233
-15ILV_1	Capture 19	10	1.4405491377867068
-15ILV_1	Capture 1	1	1.7809225669827826
-15ILV_1	Capture 1	2	1.3299412915851274
-15ILV_1	Capture 1	3	1.2167858164140692
-15ILV_1	Capture 1	4	1.2555299539170506
-15ILV_1	Capture 1	5	1.9543229330812062
-15ILV_1	Capture 1	8	1.409685761303973
-15ILV_1	Capture 1	12	1.3359332454984627
-15ILV_1	Capture 1	13	1.2795632087358253
-15ILV_1	Capture 1	14	1.2289461573861022
-15ILV_1	Capture 20	1	1.4323144480799037
-15ILV_1	Capture 20	2	1.6119839240043843
-15ILV_1	Capture 20	4	1.3296431172614713
-15ILV_1	Capture 20	6	1.233424824641659
-15ILV_1	Capture 20	8	1.3835555821323926
-15ILV_1	Capture 21	1	1.1987858058999572
-15ILV_1	Capture 21	2	1.645271682340648
-15ILV_1	Capture 21	4	1.2206956021845359
-15ILV_1	Capture 21	6	1.327224923107451
-15ILV_1	Capture 21	9	1.2491329263268287
-15ILV_1	Capture 21	10	1.3494502977553824
-15ILV_1	Capture 21	11	1.6368082368082368
-15ILV_1	Capture 22	1	1.3091652323580034
-15ILV_1	Capture 22	2	1.3465494092373793
-15ILV_1	Capture 22	4	1.7483537277658636
-15ILV_1	Capture 22	6	1.6913130334766027
-15ILV_1	Capture 22	7	1.3124060150375942
-15ILV_1	Capture 22	9	1.4470398855303166
-15ILV_1	Capture 23	1	1.4657547768455192
-15ILV_1	Capture 23	2	1.3902223395130962
-15ILV_1	Capture 23	3	2.2531709365812684
-15ILV_1	Capture 23	4	1.144113295286409
-15ILV_1	Capture 23	6	1.5938178386031148
-15ILV_1	Capture 23	7	1.3093866437374606
-15ILV_1	Capture 23	8	1.1257114427860697
-15ILV_1	Capture 2	3	1.4165425704111365
-15ILV_1	Capture 2	4	1.4536804434776507
-15ILV_1	Capture 2	5	1.447373700047511
-15ILV_1	Capture 3	2	1.5968815592203898
-15ILV_1	Capture 3	4	1.1542690744724775
-15ILV_1	Capture 3	5	1.3633649677797306
-15ILV_1	Capture 3	6	1.5714514608859564
-15ILV_1	Capture 3	8	1.3763714422006679
-15ILV_1	Capture 3	10	1.2288904501430222
-15ILV_1	Capture 3	12	2.543604284814115
-15ILV_1	Capture 3	17	1.3487720574859015
-15ILV_1	Capture 3	20	1.1515920627595755
-15ILV_1	Capture 3	21	1.5850077279752706
-15ILV_1	Capture 3	22	1.6833107650643195
-15ILV_1	Capture 4	5	1.2294796429349009
-15ILV_1	Capture 4	6	1.9833244444444447
-15ILV_1	Capture 4	7	1.4149546457465068
-15ILV_1	Capture 4	8	1.3913244492793038
-15ILV_1	Capture 4	10	1.8384905660377358
-15ILV_1	Capture 4	12	1.3186621551275377
-15ILV_1	Capture 4	13	1.3237333960268014
-15ILV_1	Capture 4	17	1.3516305732484075
-15ILV_1	Capture 4	18	1.2217979418807845
-15ILV_1	Capture 4	19	1.5321854992213186
-15ILV_1	Capture 4	20	1.5035156250000001
-15ILV_1	Capture 4	21	1.1627327892864616
-15ILV_1	Capture 4	24	1.809145129224652
-15ILV_1	Capture 4	25	1.9820962663067925
-15ILV_1	Capture 4	27	1.30392523364486
-15ILV_1	Capture 4	28	1.3877444589308996
-15ILV_1	Capture 5	1	1.4555561079898574
-15ILV_1	Capture 5	2	1.2640207247002555
-15ILV_1	Capture 5	3	1.4608904319411824
-15ILV_1	Capture 5	4	1.8295684375445092
-15ILV_1	Capture 5	6	1.3681065004956805
-15ILV_1	Capture 5	7	1.568040501070942
-15ILV_1	Capture 5	8	1.3042911461162412
-15ILV_1	Capture 5	9	1.5308025745435438
-15ILV_1	Capture 5	11	1.3144569445904744
-15ILV_1	Capture 5	12	1.261603797152136
-15ILV_1	Capture 6	1	1.6198403648802737
-15ILV_1	Capture 6	2	1.5082872928176796
-15ILV_1	Capture 6	3	1.600900900900901
-15ILV_1	Capture 6	4	1.6500000000000001
-15ILV_1	Capture 7	3	1.493246471226927
-15ILV_1	Capture 7	4	1.4950633464394931
-15ILV_1	Capture 7	6	1.2965905779504616
-15ILV_1	Capture 7	7	1.3410957925566112
-15ILV_1	Capture 7	8	1.3841253791708796
-15ILV_1	Capture 7	10	1.3807055885107713
-15ILV_1	Capture 8	1	1.4156846030900374
-15ILV_1	Capture 8	3	1.4408498866561648
-15ILV_1	Capture 8	4	1.3506272764063132
-15ILV_1	Capture 8	5	1.152077435151886
-15ILV_1	Capture 8	7	1.349877300613497
-15ILV_1	Capture 8	8	1.3380314397999287
-15ILV_1	Capture 8	9	1.6747595589960123
-15ILV_1	Capture 9	2	1.1652138171978559
-15ILV_1	Capture 9	4	1.5888757938846332
-15ILV_1	Capture 9	6	1.4613003095975232
-19ILV_1	Capture 10	5	1.1720180748571916
-19ILV_1	Capture 10	6	1.1774263120057513
-19ILV_1	Capture 10	8	1.245645998628661
-19ILV_1	Capture 10	10	1.10723912206392
-19ILV_1	Capture 10	11	1.374539363484087
-19ILV_1	Capture 10	12	1.4875364856976065
-19ILV_1	Capture 10	13	1.258187903418599
-19ILV_1	Capture 10	17	1.5199001871490956
-19ILV_1	Capture 11	2	1.3128494421461703
-19ILV_1	Capture 11	6	1.2588399071925755
-19ILV_1	Capture 11	7	1.1973202322465388
-19ILV_1	Capture 11	9	1.1365814328495738
-19ILV_1	Capture 11	10	1.1726390386689263
-19ILV_1	Capture 11	13	1.3757300454250487
-19ILV_1	Capture 11	14	1.3745767928593413
-19ILV_1	Capture 12	3	1.6001373154823206
-19ILV_1	Capture 13	7	1.2602077363896849
-19ILV_1	Capture 13	9	1.0961438984246417
-19ILV_1	Capture 13	14	1.3927385892116182
-19ILV_1	Capture 14	2	1.1635600839077016
-19ILV_1	Capture 14	3	1.282797731568998
-19ILV_1	Capture 1	6	1.1438193018480491
-19ILV_1	Capture 1	7	1.1690278456277479
-19ILV_1	Capture 1	9	1.532654792196777
-19ILV_1	Capture 2	4	1.2828647136758429
-19ILV_1	Capture 2	5	1.1286068623398098
-19ILV_1	Capture 2	6	1.3428198859005707
-19ILV_1	Capture 2	12	1.4822596630327056
-19ILV_1	Capture 3	1	1.2785106954264747
-19ILV_1	Capture 3	2	1.1928537926917666
-19ILV_1	Capture 3	3	1.197363378554457
-19ILV_1	Capture 3	5	1.248313419491181
-19ILV_1	Capture 3	11	1.325589836660617
-19ILV_1	Capture 3	13	1.3548140043763677
-19ILV_1	Capture 4	1	1.3209158415841584
-19ILV_1	Capture 4	2	1.3244189383070302
-19ILV_1	Capture 4	5	1.292427965155238
-19ILV_1	Capture 4	8	1.558465829846583
-19ILV_1	Capture 4	9	1.262314681970349
-19ILV_1	Capture 4	10	1.436631234668847
-19ILV_1	Capture 5	1	1.1668136390358612
-19ILV_1	Capture 5	2	1.163979530072085
-19ILV_1	Capture 5	5	1.2042113627334128
-19ILV_1	Capture 5	7	1.1259944860181175
-19ILV_1	Capture 5	9	1.3493234452250846
-19ILV_1	Capture 5	11	1.5933520007226085
-19ILV_1	Capture 5	13	1.0833882663150955
-19ILV_1	Capture 5	15	1.2584399504746182
-19ILV_1	Capture 5	17	1.385200668896321
-19ILV_1	Capture 5	18	1.367614180772916
-19ILV_1	Capture 5	20	1.5038638985005766
-19ILV_1	Capture 5	21	1.436437246963563
-19ILV_1	Capture 5	22	1.0920830993823694
-19ILV_1	Capture 5	23	1.2252884171665899
-19ILV_1	Capture 6	1	1.4300380228136882
-19ILV_1	Capture 6	2	1.379757085020243
-19ILV_1	Capture 6	3	1.4795918367346939
-19ILV_1	Capture 6	6	1.3214596534086571
-19ILV_1	Capture 6	7	1.2265478182520273
-19ILV_1	Capture 6	10	1.4944983818770226
-19ILV_1	Capture 6	11	1.3933547695605573
-19ILV_1	Capture 6	12	1.1341694219587277
-19ILV_1	Capture 6	15	1.4141472172351888
-19ILV_1	Capture 6	16	1.4265368228849666
-19ILV_1	Capture 6	17	1.5040143798681846
-19ILV_1	Capture 7	1	1.1888532477947074
-19ILV_1	Capture 7	3	1.6005567928730513
-19ILV_1	Capture 7	7	1.276461655277145
-19ILV_1	Capture 7	8	1.358600583090379
-19ILV_1	Capture 8	2	1.1152914671923402
-19ILV_1	Capture 8	3	1.2224626704176584
-19ILV_1	Capture 8	4	1.4258010118043845
-19ILV_1	Capture 8	13	1.3345984112974405
-19ILV_1	Capture 8	14	1.4400204708290685
-19ILV_1	Capture 8	15	1.2976141924959217
-19ILV_1	Capture 9	1	1.1863636363636363
-19ILV_1	Capture 9	2	1.4072138003136434
-19ILV_1	Capture 9	6	1.2195017366322198
-19ILV_1	Capture 9	7	1.1741457612456747
-19ILV_1	Capture 9	8	1.3958753437213565
-19ILV_1	Capture 9	12	1.3037372448979592
-19ILV_1	Capture 9	13	1.5049287410926366
-19ILV_1	Capture 9	16	1.3847539616346956
WT_2	Capture 10	11	5.811568123
WT_2	Capture 10	14	4.657407407
WT_2	Capture 12	8	3.489712919
WT_2	Capture 12	9	5.414579855
WT_2	Capture 2	3	4.801648028
WT_2	Capture 2	5	3.923982467
WT_2	Capture 2	7	5.675158228
WT_2	Capture 2	8	4.654934966
WT_2	Capture 3	7	4.699761337
WT_2	Capture 3	8	4.258380844
WT_2	Capture 4	5	8.14773791
WT_2	Capture 5	1	2.508489097
WT_2	Capture 5	2	3.491811414
WT_2	Capture 5	4	5.107942238
WT_2	Capture 5	6	3.694502924
WT_2	Capture 6	12	6.136927224
WT_2	Capture 7	1	5.127342995
WT_2	Capture 7	9	4.669241379
WT_2	Capture 7	16	2.863937622
WT_2	Capture 7	17	4.165299145
WT_2	Capture 7	18	4.427281221
WT_2	Capture 8	2	4.583713355
WT_2	Capture 8	7	2.65750774
WT_2	Capture 8	9	2.495488478
WT_2	Capture 8	11	3.127896996
WT_2	Capture 8	13	2.896818182
WT_2	Capture 8	14	5.081935484
WT_2	Capture 8	15	2.673103448
WT_2	Capture 9	3	4.623246493
WT_2	Capture 9	4	3.999491094
WT_2	Capture 9	6	8.368536854
WT_2	Capture 9	7	4.553718245
WT_2	Capture 10	4	3.422467986
WT_2	Capture 10	7	5.401257862
WT_2	Capture 11	5	3.028306265
WT_2	Capture 11	7	8.96369863
WT_2	Capture 12	12	4.835068493
WT_2	Capture 12	13	2.512804878
WT_2	Capture 14	3	3.483119907
WT_2	Capture 14	4	6.490220049
WT_2	Capture 14	6	3.174619289
WT_2	Capture 14	15	3.35474661
WT_2	Capture 15	8	4.60695027
WT_2	Capture 15	12	4.29235474
WT_2	Capture 1	1	5.212684989
WT_2	Capture 1	2	5.182080925
WT_2	Capture 1	6	4.483705542
WT_2	Capture 2	12	3.668939394
WT_2	Capture 3	1	4.171056911
WT_2	Capture 3	9	2.970589798
WT_2	Capture 3	11	5.760775862
WT_2	Capture 3	12	4.836749117
WT_2	Capture 3	13	6.072432432
WT_2	Capture 3	14	3.254176611
WT_2	Capture 4	2	4.799718508
WT_2	Capture 4	3	3.917630058
WT_2	Capture 4	4	4.984846587
WT_2	Capture 4	11	2.464278982
WT_2	Capture 4	12	3.229246344
WT_2	Capture 4	14	6.578973105
WT_2	Capture 4	15	3.612090083
WT_2	Capture 4	16	4.351655629
WT_2	Capture 5	3	5.189799073
WT_2	Capture 5	5	2.70885391
WT_2	Capture 6	3	2.996086217
WT_2	Capture 6	7	4.968980798
WT_2	Capture 6	8	2.693872723
WT_2	Capture 7	3	3.143867925
WT_2	Capture 7	4	5.349855908
WT_2	Capture 7	6	3.4605613
WT_2	Capture 7	7	3.901212687
WT_2	Capture 8	1	3.174609375
WT_2	Capture 8	2	6.183201268
WT_2	Capture 8	10	3.49851925
WT_2	Capture 9	2	3.291908714
WT_2	Capture 9	3	3.80952381
WT_2	Capture 9	4	4.551973051
WT_2	Capture 9	7	2.826013986
WT_2	Capture 9	16	4.717683881
WT_2	Capture 9	18	4.464367816
-3ILV_2	Capture 10	1	7.641379310344828
-3ILV_2	Capture 10	9	5.065159128978225
-3ILV_2	Capture 10	10	3.2588141025641026
-3ILV_2	Capture 10	13	5.876177658142665
-3ILV_2	Capture 10	15	4.6035781544256125
-3ILV_2	Capture 11	9	3.271549295774648
-3ILV_2	Capture 11	11	3.2578184110971007
-3ILV_2	Capture 11	12	5.40686550365785
-3ILV_2	Capture 12	6	5.417082721488008
-3ILV_2	Capture 12	12	3.447582501918649
-3ILV_2	Capture 1	3	2.7630244755244755
-3ILV_2	Capture 1	4	6.453105590062114
-3ILV_2	Capture 1	7	2.737870195337114
-3ILV_2	Capture 1	9	4.745717463848722
-3ILV_2	Capture 1	10	3.1550168350168355
-3ILV_2	Capture 2	1	5.561538461538462
-3ILV_2	Capture 2	5	2.5861949956859362
-3ILV_2	Capture 2	6	5.360264900662252
-3ILV_2	Capture 2	10	3.646051537822112
-3ILV_2	Capture 3	2	5.228233970753657
-3ILV_2	Capture 3	4	4.387816307403937
-3ILV_2	Capture 3	7	3.520453608247423
-3ILV_2	Capture 3	12	5.662311557788946
-3ILV_2	Capture 4	1	4.999755501222495
-3ILV_2	Capture 4	2	8.060344827586206
-3ILV_2	Capture 4	4	4.523941323000277
-3ILV_2	Capture 5	1	4.527070879590093
-3ILV_2	Capture 5	2	4.452842377260982
-3ILV_2	Capture 5	4	3.2122712594187295
-3ILV_2	Capture 5	6	3.7661855670103095
-3ILV_2	Capture 5	8	4.951802490714441
-3ILV_2	Capture 6	4	3.740691192865106
-3ILV_2	Capture 6	5	6.570536828963795
-3ILV_2	Capture 6	6	3.149544364508394
-3ILV_2	Capture 6	9	2.8797306397306395
-3ILV_2	Capture 7	9	4.1644467750393295
-3ILV_2	Capture 8	1	4.09357454772302
-3ILV_2	Capture 8	2	3.8012446518864254
-3ILV_2	Capture 8	7	3.90304649919829
-3ILV_2	Capture 8	8	2.912810707456979
-3ILV_2	Capture 8	13	5.685755955274672
-3ILV_2	Capture 9	1	3.2390588235294118
-3ILV_2	Capture 9	6	5.494536652835408
-3ILV_2	Capture 9	7	2.848801128349788
-3ILV_2	Capture 9	10	6.394080819578826
-3ILV_2	Capture 9	15	3.7705076240108086
-3ILV_2	Capture 9	17	2.307174231332357
-6ILV_2	Capture 10	3	3.248530197755211
-6ILV_2	Capture 10	18	2.5486771571848523
-6ILV_2	Capture 10	19	2.963291724456773
-6ILV_2	Capture 11	11	3.8759241401478626
-6ILV_2	Capture 11	15	4.06294964028777
-6ILV_2	Capture 12	6	4.337788881948782
-6ILV_2	Capture 12	7	3.5207207207207203
-6ILV_2	Capture 12	12	2.6472477064220183
-6ILV_2	Capture 12	18	3.308095952023988
-6ILV_2	Capture 12	19	3.4257694074414338
-6ILV_2	Capture 13	1	3.5331487122680696
-6ILV_2	Capture 13	2	3.541307993292342
-6ILV_2	Capture 13	4	2.709882583170254
-6ILV_2	Capture 1	7	2.7605760576057605
-6ILV_2	Capture 1	9	2.550664136622391
-6ILV_2	Capture 1	11	4.549769820971869
-6ILV_2	Capture 1	12	3.219264629725531
-6ILV_2	Capture 2	10	2.8709349593495936
-6ILV_2	Capture 3	7	2.3813539470602016
-6ILV_2	Capture 5	5	3.418800188946623
-6ILV_2	Capture 5	16	2.8118284344196787
-6ILV_2	Capture 5	17	2.5468646864686466
-6ILV_2	Capture 5	18	4.806422433288105
-6ILV_2	Capture 5	22	2.279691171534072
-6ILV_2	Capture 6	1	5.0608137044967885
-6ILV_2	Capture 6	9	3.4504504504504503
-6ILV_2	Capture 6	12	3.226054664289958
-6ILV_2	Capture 7	10	2.663584798638684
-6ILV_2	Capture 7	14	2.842993396918562
-6ILV_2	Capture 8	5	3.9437075509388735
-6ILV_2	Capture 8	10	2.797601199400301
-6ILV_2	Capture 8	11	2.860876536611438
-6ILV_2	Capture 8	12	3.182934344631429
-6ILV_2	Capture 9	1	2.661394585726005
-6ILV_2	Capture 9	3	3.574674860654566
-6ILV_2	Capture 9	6	3.0413847571409773
-6ILV_2	Capture 9	9	2.6995837669094693
-6ILV_2	Capture 9	10	3.106628242074928
-6ILV_2	Capture 9	15	2.9603386167146972
-6ILV_2	Capture 9	18	3.0010101010101007
-6ILV_2	Capture 9	21	3.017816091954024
-6ILV_2	Capture 9	22	3.3044316877152706
-6ILV_2	Capture 9	24	2.6003056768558954
-6ILV_2	Capture 9	26	3.315714739853767
-6ILV_2	Capture 9	27	2.795322483423749
-6ILV_2	Capture 9	29	2.2771285475792986
-6ILV_2	Capture 9	31	2.5574858481358578
-6ILV_2	Capture 9	34	3.241363989781184
-9ILV_2	Capture 10	2	1.7904211395540874
-9ILV_2	Capture 10	4	1.6078220858895709
-9ILV_2	Capture 10	8	1.4690867279894877
-9ILV_2	Capture 10	9	1.5120643431635388
-9ILV_2	Capture 10	11	1.683767155702792
-9ILV_2	Capture 10	12	1.763801274205191
-9ILV_2	Capture 10	15	1.9036855895196507
-9ILV_2	Capture 11	1	1.5053030303030304
-9ILV_2	Capture 11	5	1.8923938679245282
-9ILV_2	Capture 11	6	1.641679837435087
-9ILV_2	Capture 11	8	2.108847308847309
-9ILV_2	Capture 11	9	2.0202632746635114
-9ILV_2	Capture 11	10	1.7122306677555124
-9ILV_2	Capture 11	11	1.7827989963758015
-9ILV_2	Capture 11	15	1.9129541864139021
-9ILV_2	Capture 11	17	1.5351614329942502
-9ILV_2	Capture 11	18	1.6674987518721918
-9ILV_2	Capture 11	19	1.9377598152424944
-9ILV_2	Capture 12	6	1.9462039045553143
-9ILV_2	Capture 12	7	1.8043965384021017
-9ILV_2	Capture 12	8	1.486198869304955
-9ILV_2	Capture 12	9	1.6613825144305223
-9ILV_2	Capture 13	6	2.3021964150467054
-9ILV_2	Capture 13	7	1.9619003690036898
-9ILV_2	Capture 13	14	1.839030368244859
-9ILV_2	Capture 13	15	2.0097922506816173
-9ILV_2	Capture 14	6	1.7885979601156947
-9ILV_2	Capture 14	8	2.200436117662765
-9ILV_2	Capture 14	9	1.6043508287292818
-9ILV_2	Capture 14	11	1.7930197268588772
-9ILV_2	Capture 14	12	2.042960489705064
-9ILV_2	Capture 14	15	2.412727272727273
-9ILV_2	Capture 1	1	2.0376656643278763
-9ILV_2	Capture 1	3	1.6376646222602578
-9ILV_2	Capture 1	5	1.708557943818947
-9ILV_2	Capture 1	8	1.8655540720961283
-9ILV_2	Capture 1	10	1.985198342214328
-9ILV_2	Capture 2	1	2.228255528255528
-9ILV_2	Capture 2	4	1.8553691111002397
-9ILV_2	Capture 2	5	1.6524023626906463
-9ILV_2	Capture 2	6	1.4731361932528113
-9ILV_2	Capture 2	7	1.6530370370370369
-9ILV_2	Capture 2	8	1.903827835597107
-9ILV_2	Capture 2	9	1.9558273870200475
-9ILV_2	Capture 2	13	2.0447858070099523
-9ILV_2	Capture 2	14	2.0261206605999327
-9ILV_2	Capture 2	15	2.168888040226593
-9ILV_2	Capture 3	2	1.6051846325997763
-9ILV_2	Capture 3	4	1.6157410682702513
-9ILV_2	Capture 3	7	1.764414135151891
-9ILV_2	Capture 3	9	1.4551688843398158
-9ILV_2	Capture 3	10	1.6600033766672295
-9ILV_2	Capture 3	11	1.7394781833048394
-9ILV_2	Capture 3	12	1.849417091114884
-9ILV_2	Capture 3	14	1.623551705468327
-9ILV_2	Capture 4	1	1.8654185418541853
-9ILV_2	Capture 4	2	2.263225119744545
-9ILV_2	Capture 4	3	1.5787502721532767
-9ILV_2	Capture 4	4	1.770893054024256
-9ILV_2	Capture 4	5	1.575217812197483
-9ILV_2	Capture 4	11	1.6262402496099846
-9ILV_2	Capture 4	12	1.5956912028725314
-9ILV_2	Capture 4	13	1.60503881646404
-9ILV_2	Capture 4	15	1.744487943767239
-9ILV_2	Capture 4	16	1.7696866454476174
-9ILV_2	Capture 4	17	2.1467357512953367
-9ILV_2	Capture 5	3	1.7180786798290852
-9ILV_2	Capture 5	5	1.9521175453759723
-9ILV_2	Capture 5	6	2.0539449541284402
-9ILV_2	Capture 5	7	1.4953996737357258
-9ILV_2	Capture 5	8	1.6186232583804663
-9ILV_2	Capture 5	10	1.674090434996012
-9ILV_2	Capture 5	13	1.8765791658683018
-9ILV_2	Capture 5	14	1.7094899016053857
-9ILV_2	Capture 5	16	1.6763502454991817
-9ILV_2	Capture 6	4	1.303587086488641
-9ILV_2	Capture 6	6	1.6861235955056182
-9ILV_2	Capture 6	8	1.7866868381240544
-9ILV_2	Capture 6	10	1.7837740923352756
-9ILV_2	Capture 6	11	1.781889609114123
-9ILV_2	Capture 6	12	1.5573140289565652
-9ILV_2	Capture 6	13	1.9205931495405177
-9ILV_2	Capture 7	1	1.6758564054434537
-9ILV_2	Capture 7	2	1.9064562755962418
-9ILV_2	Capture 7	5	2.115743002066504
-9ILV_2	Capture 7	7	2.0622678880911116
-9ILV_2	Capture 7	8	1.7778096077567211
-9ILV_2	Capture 7	9	1.9595232419547082
-9ILV_2	Capture 7	14	1.8050717995722578
-9ILV_2	Capture 7	15	1.8847809076682316
-9ILV_2	Capture 8	1	1.9856855289644375
-9ILV_2	Capture 8	2	1.5545902597945034
-9ILV_2	Capture 8	8	1.800179211469534
-9ILV_2	Capture 8	11	1.5931909982688979
-9ILV_2	Capture 8	12	1.991496899911426
-9ILV_2	Capture 9	4	1.3466287972338848
-9ILV_2	Capture 9	7	1.7927162894042492
-9ILV_2	Capture 9	9	1.6219889346006526
-9ILV_2	Capture 9	10	1.6903620122237895
-9ILV_2	Capture 9	11	2.0993227990970653
-9ILV_2	Capture 9	12	2.0442520442520444
-12ILV_2	Capture 10	1	1.421657977059437
-12ILV_2	Capture 10	2	1.3277533039647575
-12ILV_2	Capture 11	1	1.2788530622019987
-12ILV_2	Capture 11	2	1.482426386432213
-12ILV_2	Capture 11	5	2.4242232086239697
-12ILV_2	Capture 11	9	1.2073242764323686
-12ILV_2	Capture 12	2	1.5380680737782848
-12ILV_2	Capture 12	3	1.5477390802385995
-12ILV_2	Capture 12	4	1.3913016580054443
-12ILV_2	Capture 12	5	2.0521253756977242
-12ILV_2	Capture 12	6	1.1603319465923199
-12ILV_2	Capture 12	7	1.371116536600253
-12ILV_2	Capture 12	8	1.2497584541062803
-12ILV_2	Capture 12	9	1.346592821088054
-12ILV_2	Capture 13	1	1.3984647592463364
-12ILV_2	Capture 13	4	1.2748152171346259
-12ILV_2	Capture 13	5	1.359486607142857
-12ILV_2	Capture 13	6	1.3244476271985746
-12ILV_2	Capture 13	7	1.4233204633204632
-12ILV_2	Capture 13	9	1.367383100312691
-12ILV_2	Capture 13	10	1.8268939393939394
-12ILV_2	Capture 13	11	1.359997546990464
-12ILV_2	Capture 13	12	1.3933597621407334
-12ILV_2	Capture 13	14	1.1690991297583744
-12ILV_2	Capture 13	15	1.5545373187757294
-12ILV_2	Capture 13	18	1.2701514701514702
-12ILV_2	Capture 13	19	1.296122077558449
-12ILV_2	Capture 13	20	1.5446485879332477
-12ILV_2	Capture 14	3	1.4451639344262295
-12ILV_2	Capture 15	2	1.6261022927689595
-12ILV_2	Capture 15	3	1.6574534161490684
-12ILV_2	Capture 15	5	1.3046884379877537
-12ILV_2	Capture 15	6	1.455873577749684
-12ILV_2	Capture 16	2	1.3823884013735217
-12ILV_2	Capture 16	3	1.9363653735906745
-12ILV_2	Capture 16	6	1.2072899950876044
-12ILV_2	Capture 16	7	1.5216238437821172
-12ILV_2	Capture 16	8	1.1690640987059886
-12ILV_2	Capture 16	9	1.3872719939048987
-12ILV_2	Capture 16	10	1.4533194987628701
-12ILV_2	Capture 16	13	1.239623026872465
-12ILV_2	Capture 16	14	1.396591145292039
-12ILV_2	Capture 16	15	1.238356560040436
-12ILV_2	Capture 16	16	1.175266254561704
-12ILV_2	Capture 16	17	1.3106182826240087
-12ILV_2	Capture 16	18	1.513270230141054
-12ILV_2	Capture 16	19	1.4919760029996252
-12ILV_2	Capture 17	1	1.4381838997348757
-12ILV_2	Capture 17	3	1.3304703884949565
-12ILV_2	Capture 17	4	1.383233669343357
-12ILV_2	Capture 17	7	1.8648733187363153
-12ILV_2	Capture 17	8	1.4555606829718506
-12ILV_2	Capture 17	10	1.6735677403491516
-12ILV_2	Capture 17	11	1.6200192030724916
-12ILV_2	Capture 17	12	1.3544620191368875
-12ILV_2	Capture 17	13	1.728742102958654
-12ILV_2	Capture 17	14	1.3378654511160013
-12ILV_2	Capture 17	16	1.369886158759594
-12ILV_2	Capture 17	17	1.5010102389078497
-12ILV_2	Capture 17	19	1.7136404931862426
-12ILV_2	Capture 17	20	1.7607805842970177
-12ILV_2	Capture 17	21	1.646366391348268
-12ILV_2	Capture 17	23	1.3439859998653831
-12ILV_2	Capture 17	25	1.4733046707054918
-12ILV_2	Capture 17	26	1.5743111487918608
-12ILV_2	Capture 17	28	1.3819178558997562
-12ILV_2	Capture 17	29	1.3192182966376516
-12ILV_2	Capture 18	1	1.471648520312725
-12ILV_2	Capture 18	5	1.2405291149597708
-12ILV_2	Capture 18	6	1.293085605252094
-12ILV_2	Capture 18	10	1.3724679991017292
-12ILV_2	Capture 18	11	1.3951685249263104
-12ILV_2	Capture 19	3	1.4087679999999998
-12ILV_2	Capture 19	4	1.191380972050117
-12ILV_2	Capture 19	5	1.3683072546230441
-12ILV_2	Capture 19	10	1.290871016566109
-12ILV_2	Capture 19	11	1.3516958299761321
-12ILV_2	Capture 19	12	1.404384328358209
-12ILV_2	Capture 1	1	1.6879432624113475
-12ILV_2	Capture 1	2	1.8541149607862604
-12ILV_2	Capture 1	4	1.2454950409765462
-12ILV_2	Capture 1	6	1.4583988057825268
-12ILV_2	Capture 1	8	1.2098688672846485
-12ILV_2	Capture 1	9	1.84708015411347
-12ILV_2	Capture 1	13	1.3233283399155658
-12ILV_2	Capture 1	14	1.7001484903481274
-12ILV_2	Capture 1	16	1.470866422771482
-12ILV_2	Capture 1	17	1.4122760333510733
-12ILV_2	Capture 20	1	1.2947096615535951
-12ILV_2	Capture 20	4	1.125891414615818
-12ILV_2	Capture 20	5	1.480157372562436
-12ILV_2	Capture 20	6	1.4723955018035222
-12ILV_2	Capture 20	7	1.3519964960946054
-12ILV_2	Capture 20	8	1.2964967827596774
-12ILV_2	Capture 20	10	1.3592879701406835
-12ILV_2	Capture 21	8	1.3673964947929897
-12ILV_2	Capture 21	10	1.9741867477263255
-12ILV_2	Capture 22	3	1.4143348060873835
-12ILV_2	Capture 22	6	1.3677304632662612
-12ILV_2	Capture 22	7	1.47240173747219
-12ILV_2	Capture 22	9	2.321957112654787
-12ILV_2	Capture 22	10	1.3201751796083063
-12ILV_2	Capture 2	5	1.4638132295719846
-12ILV_2	Capture 2	7	1.2706948640483384
-12ILV_2	Capture 2	8	1.587540453074434
-12ILV_2	Capture 2	9	1.6933487565066514
-12ILV_2	Capture 2	12	1.3012183182856523
-12ILV_2	Capture 2	14	1.6151042128603106
-12ILV_2	Capture 3	1	1.3092795094532448
-12ILV_2	Capture 3	2	1.359713933251092
-12ILV_2	Capture 3	5	1.2998285186650838
-12ILV_2	Capture 3	9	1.195784543325527
-12ILV_2	Capture 3	10	1.4573558648111333
-12ILV_2	Capture 3	11	1.229718843784552
-12ILV_2	Capture 4	1	1.2399828833735316
-12ILV_2	Capture 4	2	1.2112283403927608
-12ILV_2	Capture 4	3	1.321867029416766
-12ILV_2	Capture 4	4	1.311610062663281
-12ILV_2	Capture 4	5	1.4027097126476007
-12ILV_2	Capture 4	13	1.2944559299841498
-12ILV_2	Capture 5	2	1.8708768267223381
-12ILV_2	Capture 5	3	1.7951942740286302
-12ILV_2	Capture 5	6	1.5445457307809178
-12ILV_2	Capture 5	9	1.2232001857872734
-12ILV_2	Capture 6	1	1.2197623514696685
-12ILV_2	Capture 6	2	1.167166128784386
-12ILV_2	Capture 6	3	1.5744073795988414
-12ILV_2	Capture 6	5	1.5338385690420895
-12ILV_2	Capture 6	6	1.3848969331322274
-12ILV_2	Capture 6	7	1.2635962355292747
-12ILV_2	Capture 6	9	1.2197472417251753
-12ILV_2	Capture 6	10	1.5745881248533207
-12ILV_2	Capture 6	12	1.4359000406338887
-12ILV_2	Capture 6	13	1.418565435551534
-12ILV_2	Capture 6	17	1.6864627592222627
-12ILV_2	Capture 7	1	1.2732898816680378
-12ILV_2	Capture 7	3	1.327047097908931
-12ILV_2	Capture 7	5	1.3162320222885973
-12ILV_2	Capture 7	7	1.478628414434406
-12ILV_2	Capture 7	8	1.3266063679615203
-12ILV_2	Capture 7	11	1.3752826510721248
-12ILV_2	Capture 7	12	1.4645890015664935
-12ILV_2	Capture 8	6	1.733355403516516
-12ILV_2	Capture 8	7	1.2862290768218698
-12ILV_2	Capture 8	8	1.2260874483850897
-12ILV_2	Capture 8	11	1.592094313453537
-12ILV_2	Capture 8	12	1.3231798537234043
-12ILV_2	Capture 8	13	1.2814095380400947
-12ILV_2	Capture 8	14	1.3118306462417937
-12ILV_2	Capture 8	15	1.9458642484198956
-12ILV_2	Capture 8	16	1.418623369414377
-12ILV_2	Capture 8	17	1.5193219365033759
-12ILV_2	Capture 8	18	1.2459260177210485
-12ILV_2	Capture 8	19	1.5483523390500136
-12ILV_2	Capture 8	20	1.3545027470339996
-12ILV_2	Capture 8	21	1.4056216763737652
-12ILV_2	Capture 8	22	1.394067476383266
-12ILV_2	Capture 9	2	1.4675577646426652
-12ILV_2	Capture 9	4	1.687372348782404
-12ILV_2	Capture 9	5	1.2845953002610968
-15ILV_2	Capture 10	1	0.9477913920922569
-15ILV_2	Capture 10	3	1.6879078463301371
-15ILV_2	Capture 10	4	1.3162148010239703
-15ILV_2	Capture 10	7	1.2299506790081753
-15ILV_2	Capture 10	10	1.154219566840926
-15ILV_2	Capture 10	11	1.1420343706456109
-15ILV_2	Capture 10	12	1.384152295632699
-15ILV_2	Capture 10	14	1.0442372545129934
-15ILV_2	Capture 10	15	1.304050736497545
-15ILV_2	Capture 10	16	1.1059186189889028
-15ILV_2	Capture 10	17	1.4984941156620406
-15ILV_2	Capture 10	18	1.4576572399938186
-15ILV_2	Capture 11	1	1.208376320314419
-15ILV_2	Capture 11	4	1.1797181541862392
-15ILV_2	Capture 11	6	1.0208045044615164
-15ILV_2	Capture 11	7	1.466986301369863
-15ILV_2	Capture 11	10	1.3451610609400555
-15ILV_2	Capture 11	11	1.2216602528862013
-15ILV_2	Capture 12	4	1.2526949923248474
-15ILV_2	Capture 12	5	1.3855698827188492
-15ILV_2	Capture 12	6	1.0657508764398655
-15ILV_2	Capture 12	13	1.3359317998540763
-15ILV_2	Capture 13	4	1.2980337078651687
-15ILV_2	Capture 13	9	1.1900716957605986
-15ILV_2	Capture 13	10	1.1391345123258307
-15ILV_2	Capture 13	11	1.3169066032123737
-15ILV_2	Capture 13	12	1.5584597432905485
-15ILV_2	Capture 13	14	1.4300818232446562
-15ILV_2	Capture 13	16	1.3610669043223629
-15ILV_2	Capture 2	1	1.216929184274555
-15ILV_2	Capture 2	5	1.190852314474651
-15ILV_2	Capture 2	6	1.3819753086419755
-15ILV_2	Capture 2	7	1.2641471571906355
-15ILV_2	Capture 3	1	1.3702961766289716
-15ILV_2	Capture 3	4	1.3714157101057844
-15ILV_2	Capture 3	7	1.2082165726241045
-15ILV_2	Capture 3	8	1.1995819397993313
-15ILV_2	Capture 3	13	1.1994798690040456
-15ILV_2	Capture 3	14	1.15120016273393
-15ILV_2	Capture 4	2	1.0989184952978057
-15ILV_2	Capture 4	3	1.3000901713255184
-15ILV_2	Capture 4	4	1.4344476497539456
-15ILV_2	Capture 4	5	1.1755102040816328
-15ILV_2	Capture 4	9	1.4206784386617102
-15ILV_2	Capture 4	10	1.074911499371931
-15ILV_2	Capture 4	11	1.0889080212369064
-15ILV_2	Capture 4	16	1.182078194699554
-15ILV_2	Capture 4	18	1.5088763524377946
-15ILV_2	Capture 4	19	1.4328819546658818
-15ILV_2	Capture 5	6	1.1758228972105698
-15ILV_2	Capture 5	7	1.1365573936872018
-15ILV_2	Capture 5	11	1.2292191725645893
-15ILV_2	Capture 5	12	1.2326597487711632
-15ILV_2	Capture 5	13	1.1573925710123818
-15ILV_2	Capture 5	14	1.2133568350959654
-15ILV_2	Capture 5	16	1.3274106175514626
-15ILV_2	Capture 5	17	1.3583230579531442
-15ILV_2	Capture 5	18	1.6923950395936052
-15ILV_2	Capture 6	4	1.162605277933745
-15ILV_2	Capture 6	7	1.420671547962429
-15ILV_2	Capture 6	9	1.790079079798706
-15ILV_2	Capture 6	11	1.21260162601626
-15ILV_2	Capture 6	15	1.2524147097917588
-15ILV_2	Capture 6	16	1.2642658092175778
-15ILV_2	Capture 6	17	1.1797536879144674
-15ILV_2	Capture 7	1	1.3997828110456096
-15ILV_2	Capture 7	3	1.1225187789675564
-15ILV_2	Capture 7	4	1.462869744474807
-15ILV_2	Capture 7	7	1.1118536197295152
-15ILV_2	Capture 7	8	1.2233018631464616
-15ILV_2	Capture 7	9	1.2502700523982264
-15ILV_2	Capture 7	11	1.2238778450014407
-15ILV_2	Capture 7	13	1.4350490478938258
-15ILV_2	Capture 7	15	1.2563438053509837
-15ILV_2	Capture 7	16	1.3086596170334381
-15ILV_2	Capture 7	18	1.3677663601946999
-15ILV_2	Capture 7	20	1.1986568986568986
-15ILV_2	Capture 7	22	1.2618051217988757
-15ILV_2	Capture 8	1	1.1868349975446064
-15ILV_2	Capture 8	2	1.0987549300131467
-15ILV_2	Capture 8	5	1.7255605916030532
-15ILV_2	Capture 8	6	1.3349903578315834
-15ILV_2	Capture 8	10	1.1817768895348837
-15ILV_2	Capture 8	11	1.5835552268244575
-15ILV_2	Capture 8	12	1.3475082701952834
-15ILV_2	Capture 8	13	1.2824934942039272
-15ILV_2	Capture 9	2	1.190229433550849
-15ILV_2	Capture 9	3	1.441076653013458
-15ILV_2	Capture 9	5	1.2209981167608288
-15ILV_2	Capture 9	8	1.6157417482771128
-15ILV_2	Capture 9	9	1.2205252573050989
-15ILV_2	Capture 9	10	1.3585390109393363
-15ILV_2	Capture 9	12	1.1872289817948953
-15ILV_2	Capture 9	13	1.071644845292457
-15ILV_2	Capture 9	14	1.2735604217356042
-15ILV_2	Capture 9	16	1.6714285714285717
-19ILV_2	Capture 10	1	1.1887733549959383
-19ILV_2	Capture 10	2	1.3944404239921673
-19ILV_2	Capture 10	3	1.1055481506164613
-19ILV_2	Capture 10	4	1.3018061827023273
-19ILV_2	Capture 10	7	1.0988870626907725
-19ILV_2	Capture 10	8	1.2294019272119137
-19ILV_2	Capture 10	9	1.7621660174466451
-19ILV_2	Capture 10	10	1.484218972895863
-19ILV_2	Capture 11	1	1.3645321451304901
-19ILV_2	Capture 11	3	1.4303991811668377
-19ILV_2	Capture 11	4	1.472852912142152
-19ILV_2	Capture 11	10	1.354971103107463
-19ILV_2	Capture 12	1	1.3183777545159299
-19ILV_2	Capture 12	2	1.3112495335419239
-19ILV_2	Capture 12	3	1.2436043140438364
-19ILV_2	Capture 12	5	1.2140412734626154
-19ILV_2	Capture 13	1	1.4821136194492681
-19ILV_2	Capture 13	3	1.2929054129402056
-19ILV_2	Capture 14	2	1.2508496732026142
-19ILV_2	Capture 14	3	1.130103633412411
-19ILV_2	Capture 14	7	1.2248433919022153
-19ILV_2	Capture 15	1	1.2704751511081265
-19ILV_2	Capture 15	2	1.2891189325971935
-19ILV_2	Capture 15	5	1.3416331994645248
-19ILV_2	Capture 15	7	1.3088218312213207
-19ILV_2	Capture 16	4	1.6844444444444444
-19ILV_2	Capture 16	5	1.2935143288084467
-19ILV_2	Capture 16	6	1.5851528384279476
-19ILV_2	Capture 16	7	1.2366058002148228
-19ILV_2	Capture 16	8	1.3138209101746021
-19ILV_2	Capture 17	1	1.3511301451344278
-19ILV_2	Capture 17	4	1.3240070691098504
-19ILV_2	Capture 17	6	1.358788534342888
-19ILV_2	Capture 17	10	1.5312155246893069
-19ILV_2	Capture 18	3	1.6192307692307695
-19ILV_2	Capture 18	4	1.1996983408748114
-19ILV_2	Capture 18	5	1.450140131995299
-19ILV_2	Capture 19	1	1.4827551020408163
-19ILV_2	Capture 19	9	1.249407256615974
-19ILV_2	Capture 19	10	1.2855706855239322
-19ILV_2	Capture 19	12	1.5311374738311239
-19ILV_2	Capture 19	14	1.4488034188034191
-19ILV_2	Capture 19	16	1.537486139195095
-19ILV_2	Capture 1	3	1.3353019341503027
-19ILV_2	Capture 1	7	1.1613344008540167
-19ILV_2	Capture 1	8	1.3301708817498292
-19ILV_2	Capture 1	9	1.275796835588168
-19ILV_2	Capture 1	10	1.3000331895121142
-19ILV_2	Capture 1	11	1.3543317313936876
-19ILV_2	Capture 1	12	1.4009057971014494
-19ILV_2	Capture 1	13	1.877305699481865
-19ILV_2	Capture 1	14	1.3815364751452552
-19ILV_2	Capture 20	1	1.3522055479763528
-19ILV_2	Capture 20	2	1.461439824143616
-19ILV_2	Capture 20	10	1.3031328320802005
-19ILV_2	Capture 20	11	1.1939633063720656
-19ILV_2	Capture 21	1	1.2432320298724198
-19ILV_2	Capture 21	3	1.1569243662266917
-19ILV_2	Capture 21	6	1.320039982048876
-19ILV_2	Capture 21	7	1.311943397677459
-19ILV_2	Capture 21	10	1.459814444242314
-19ILV_2	Capture 21	11	1.6600648987355937
-19ILV_2	Capture 22	5	1.265222528554549
-19ILV_2	Capture 22	6	1.5245689655172412
-19ILV_2	Capture 22	7	1.343645626945938
-19ILV_2	Capture 22	9	1.6948542024013724
-19ILV_2	Capture 22	11	1.4937152953054014
-19ILV_2	Capture 2	2	1.0722347206599174
-19ILV_2	Capture 2	4	1.4725695617888925
-19ILV_2	Capture 2	5	1.3565455130266968
-19ILV_2	Capture 2	6	1.4780781534215643
-19ILV_2	Capture 2	7	1.1776837942493066
-19ILV_2	Capture 2	8	1.5068716094032548
-19ILV_2	Capture 2	9	1.2364179960272765
-19ILV_2	Capture 2	10	1.5117698343504795
-19ILV_2	Capture 3	1	1.3093769666456894
-19ILV_2	Capture 3	2	1.1929626705762941
-19ILV_2	Capture 3	6	1.100262711273336
-19ILV_2	Capture 3	9	1.4146618767518062
-19ILV_2	Capture 3	10	1.3373483279076648
-19ILV_2	Capture 3	11	1.5055039684598226
-19ILV_2	Capture 3	12	1.4602296254470168
-19ILV_2	Capture 3	13	1.364353312302839
-19ILV_2	Capture 3	15	1.8093418259023355
-19ILV_2	Capture 3	16	1.517860235003092
-19ILV_2	Capture 3	17	1.194353290817906
-19ILV_2	Capture 4	1	1.4076328177538668
-19ILV_2	Capture 4	3	1.336737009303381
-19ILV_2	Capture 4	4	1.4404024767801857
-19ILV_2	Capture 4	5	1.6402332361516034
-19ILV_2	Capture 4	6	1.7640399556048834
-19ILV_2	Capture 4	7	1.2717253317945763
-19ILV_2	Capture 4	8	1.3323485967503692
-19ILV_2	Capture 4	9	1.337016901075523
-19ILV_2	Capture 4	11	1.4278555348928257
-19ILV_2	Capture 4	12	1.493192303364465
-19ILV_2	Capture 4	14	1.329823562891292
-19ILV_2	Capture 5	2	1.6179231002119285
-19ILV_2	Capture 5	3	1.3355817875210794
-19ILV_2	Capture 5	5	1.4905660377358487
-19ILV_2	Capture 5	6	1.2728205128205128
-19ILV_2	Capture 5	7	1.3206232244318181
-19ILV_2	Capture 5	10	1.2076207620762076
-19ILV_2	Capture 5	14	1.6107268562489525
-19ILV_2	Capture 5	15	1.3055576703464027
-19ILV_2	Capture 6	2	1.3602218164604043
-19ILV_2	Capture 6	3	1.507870753935377
-19ILV_2	Capture 6	4	1.3831578947368421
-19ILV_2	Capture 6	5	1.2400134498991258
-19ILV_2	Capture 6	7	1.1412844036697245
-19ILV_2	Capture 6	8	1.4482226623579693
-19ILV_2	Capture 6	9	1.1505955107650023
-19ILV_2	Capture 6	10	1.1374304115271259
-19ILV_2	Capture 7	2	1.1853420805998127
-19ILV_2	Capture 7	3	1.1716110560510957
-19ILV_2	Capture 7	4	1.4180375627595612
-19ILV_2	Capture 7	6	1.3216779572694113
-19ILV_2	Capture 7	7	1.542762739865294
-19ILV_2	Capture 7	8	1.2561576354679802
-19ILV_2	Capture 7	9	1.2553155387326242
-19ILV_2	Capture 7	10	1.3307128106529944
-19ILV_2	Capture 7	11	1.2275546437307663
-19ILV_2	Capture 7	12	1.129472241261138
-19ILV_2	Capture 7	16	1.1703375929811177
-19ILV_2	Capture 7	17	1.3688249823570924
-19ILV_2	Capture 7	18	1.3884245790355287
-19ILV_2	Capture 7	22	1.2283009708737864
-19ILV_2	Capture 7	23	1.5387951807228917
-19ILV_2	Capture 7	24	1.1353126491646777
-19ILV_2	Capture 8	1	1.5889522973368455
-19ILV_2	Capture 8	2	1.1823459449034042
-19ILV_2	Capture 8	6	1.4232872796569795
-19ILV_2	Capture 8	8	1.2945913461538463
-19ILV_2	Capture 8	9	1.1846814602720115
-19ILV_2	Capture 9	1	1.3322739092747762
-19ILV_2	Capture 9	5	1.6492934131736527
-19ILV_2	Capture 9	6	1.3776708645818594
-19ILV_2	Capture 9	9	1.1991324362606233
-19ILV_2	Capture 9	11	1.0935040384945867
-19ILV_2	Capture 9	12	1.2286635202026017
-19ILV_2	Capture 9	13	1.2490628727210769
-19ILV_2	Capture 9	14	1.353231166912851
-19ILV_2	Capture 9	15	1.3763828145099049
-19ILV_2	Capture 9	16	1.5276283999688256
WT_3	Capture 11	10	172.3888889
WT_3	Capture 11	18	3.987749577
WT_3	Capture 14	2	4.200743494
WT_3	Capture 1	9	2.18
WT_3	Capture 1	13	6.783333333
WT_3	Capture 1	19	2.390471869
WT_3	Capture 1	20	4.220767072
WT_3	Capture 1	21	9.489813486
WT_3	Capture 1	22	5.580397181
WT_3	Capture 3	3	3.670630817
WT_3	Capture 4	3	3.593774319
WT_3	Capture 6	1	3.167320955
WT_3	Capture 6	5	4.83012987
WT_3	Capture 6	6	5.366666667
WT_3	Capture 6	18	2.77929078
WT_3	Capture 7	3	3.344854369
WT_3	Capture 8	4	3.343038869
WT_3	Capture 8	7	2.553388619
WT_3	Capture 8	15	3.915266891
WT_3	Capture 8	17	3.013322231
WT_3	Capture 9	14	2.922311519
WT_3	Capture 9	16	2.079855683
WT_3	Capture 9	19	3.220614828
WT_3	Capture 9	21	2.945945946
WT_3	Capture 9	22	3.381965174
WT_3	Capture 11	6	26.38807018
WT_3	Capture 12	4	2.992930781
WT_3	Capture 12	5	3.210413223
WT_3	Capture 3	22	6.007746479
WT_3	Capture 3	23	17.88095238
WT_3	Capture 5	3	6.850917431
WT_3	Capture 5	6	4.220833333
WT_3	Capture 7	13	12.25818182
WT_3	Capture 7	14	7.3872
WT_3	Capture 9	3	3.977139364
WT_3	Capture 9	5	4.636887608
WT_3	Capture 9	9	6.809261577
WT_3	Capture 9	10	2.385511208
WT_3	Capture 9	11	2.792085561
WT_3	Capture 9	12	4.692934783
-3ILV_3	Capture 10	2	3.7793752218672347
-3ILV_3	Capture 10	4	3.816177317213587
-3ILV_3	Capture 10	9	2.879477514946712
-3ILV_3	Capture 10	12	3.682900562402777
-3ILV_3	Capture 10	13	4.424300682495434
-3ILV_3	Capture 10	15	2.028457092040907
-3ILV_3	Capture 10	16	3.5465606250872055
-3ILV_3	Capture 10	17	2.7304361370716514
-3ILV_3	Capture 11	2	4.309900090826521
-3ILV_3	Capture 11	5	4.9399805447470815
-3ILV_3	Capture 11	10	4.376045953360768
-3ILV_3	Capture 11	12	5.163540245566167
-3ILV_3	Capture 12	5	4.99932107496464
-3ILV_3	Capture 12	7	3.366174920969442
-3ILV_3	Capture 12	8	2.6893164556962024
-3ILV_3	Capture 12	12	3.431924882629108
-3ILV_3	Capture 12	13	4.727441967363825
-3ILV_3	Capture 12	14	4.879685610640871
-3ILV_3	Capture 12	16	3.3990053874844595
-3ILV_3	Capture 13	2	4.92059748427673
-3ILV_3	Capture 13	3	4.052769099687589
-3ILV_3	Capture 13	9	3.8223128459073696
-3ILV_3	Capture 13	15	4.515425531914894
-3ILV_3	Capture 13	17	3.8804783092324806
-3ILV_3	Capture 14	1	3.39766016713092
-3ILV_3	Capture 14	9	3.56286836935167
-3ILV_3	Capture 14	10	6.724889282550928
-3ILV_3	Capture 14	12	4.953333333333333
-3ILV_3	Capture 14	13	3.6978675645342314
-3ILV_3	Capture 15	6	4.162084168336674
-3ILV_3	Capture 15	7	3.46442617089739
-3ILV_3	Capture 15	9	3.767259461924305
-3ILV_3	Capture 15	11	3.834817813765182
-3ILV_3	Capture 15	16	2.6953675730110773
-3ILV_3	Capture 1	1	4.154660604092237
-3ILV_3	Capture 1	3	3.567139815471966
-3ILV_3	Capture 1	4	3.755630630630631
-3ILV_3	Capture 1	9	5.11539978094195
-3ILV_3	Capture 1	10	4.916106633601984
-3ILV_3	Capture 1	11	2.8979869745411486
-3ILV_3	Capture 1	13	4.32246703388416
-3ILV_3	Capture 2	3	3.4921102661596954
-3ILV_3	Capture 2	4	3.5369610587935862
-3ILV_3	Capture 2	7	3.588893002591633
-3ILV_3	Capture 2	9	4.62770225682988
-3ILV_3	Capture 2	13	3.783654729109274
-3ILV_3	Capture 2	14	2.1116962645437845
-3ILV_3	Capture 2	16	2.893977591036415
-3ILV_3	Capture 2	18	3.2707023834634037
-3ILV_3	Capture 2	19	5.495911214953271
-3ILV_3	Capture 3	8	4.031096138896087
-3ILV_3	Capture 3	9	5.217135116830343
-3ILV_3	Capture 3	11	2.8096685588720014
-3ILV_3	Capture 3	12	2.9641700404858295
-3ILV_3	Capture 3	13	4.5271149674620395
-3ILV_3	Capture 3	14	3.067391304347826
-3ILV_3	Capture 3	16	3.1389256417041547
-3ILV_3	Capture 4	2	3.275376475376475
-3ILV_3	Capture 4	3	3.8870738636363638
-3ILV_3	Capture 4	5	4.224197002141327
-3ILV_3	Capture 4	6	2.3613458229783983
-3ILV_3	Capture 4	7	2.469923534409516
-3ILV_3	Capture 4	8	3.1236190015713774
-3ILV_3	Capture 4	9	3.0496606334841627
-3ILV_3	Capture 4	10	3.748510182207932
-3ILV_3	Capture 5	1	5.859168704156482
-3ILV_3	Capture 5	3	6.419219219219221
-3ILV_3	Capture 5	8	5.05984972231297
-3ILV_3	Capture 5	9	3.354121863799283
-3ILV_3	Capture 5	11	3.6314161220043575
-3ILV_3	Capture 6	10	3.3844654939106906
-3ILV_3	Capture 6	17	3.8828427249789748
-3ILV_3	Capture 7	3	4.907187993680885
-3ILV_3	Capture 7	10	4.415891195418754
-3ILV_3	Capture 7	11	3.6385401459854014
-3ILV_3	Capture 7	12	3.2202080237741453
-3ILV_3	Capture 7	14	3.859628666248094
-3ILV_3	Capture 8	4	2.7156381486676016
-3ILV_3	Capture 8	6	5.147046884513903
-3ILV_3	Capture 8	10	4.66537558685446
-3ILV_3	Capture 9	8	3.3559322033898304
-3ILV_3	Capture 9	10	3.8621039290240815
-3ILV_3	Capture 9	11	4.3800093196644925
-3ILV_3	Capture 9	12	2.3125200642054575
-3ILV_3	Capture 9	14	3.5699604743083
-6ILV_3	Capture 10	3	2.6587033398821216
-6ILV_3	Capture 10	4	3.0982142857142865
-6ILV_3	Capture 10	5	4.994413407821229
-6ILV_3	Capture 10	7	3.2857142857142856
-6ILV_3	Capture 10	10	3.5628013777267507
-6ILV_3	Capture 10	12	2.9147969807391987
-6ILV_3	Capture 10	14	2.2720244150559514
-6ILV_3	Capture 10	15	2.217560975609756
-6ILV_3	Capture 10	18	3.2483374501235036
-6ILV_3	Capture 10	19	2.8454323995127893
-6ILV_3	Capture 10	20	2.354611330698287
-6ILV_3	Capture 10	21	3.0230292294065544
-6ILV_3	Capture 10	22	4.223311546840959
-6ILV_3	Capture 10	23	2.835486981677917
-6ILV_3	Capture 10	26	2.8185288640595902
-6ILV_3	Capture 11	2	3.1802809218600845
-6ILV_3	Capture 11	3	3.3440129449838185
-6ILV_3	Capture 11	4	3.4983606557377054
-6ILV_3	Capture 11	6	1.830224321133412
-6ILV_3	Capture 11	7	3.4449622725255225
-6ILV_3	Capture 11	8	2.4481419855795896
-6ILV_3	Capture 11	9	3.2038450502152083
-6ILV_3	Capture 11	10	3.3357268131641393
-6ILV_3	Capture 11	12	4.8047977684797765
-6ILV_3	Capture 11	13	2.1476190476190475
-6ILV_3	Capture 11	16	4.118877551020408
-6ILV_3	Capture 12	4	2.5909160892994616
-6ILV_3	Capture 12	5	4.43587786259542
-6ILV_3	Capture 12	7	3.7329577464788732
-6ILV_3	Capture 12	10	3.497662801070473
-6ILV_3	Capture 12	11	3.8687107677450507
-6ILV_3	Capture 12	12	5.336931818181818
-6ILV_3	Capture 13	1	5.680645161290323
-6ILV_3	Capture 13	4	3.0301639344262297
-6ILV_3	Capture 13	5	2.9116889201218084
-6ILV_3	Capture 13	9	3.1730934941835427
-6ILV_3	Capture 13	17	3.5728255446532518
-6ILV_3	Capture 13	18	3.4685808425511886
-6ILV_3	Capture 13	19	2.2726697493307375
-6ILV_3	Capture 13	20	9.810377358490566
-6ILV_3	Capture 1	1	3.3972758229284903
-6ILV_3	Capture 1	2	2.795814376706097
-6ILV_3	Capture 1	3	4.704775687409551
-6ILV_3	Capture 1	9	3.487627365356623
-6ILV_3	Capture 1	11	2.7199549041713644
-6ILV_3	Capture 1	12	3.9478098788443616
-6ILV_3	Capture 1	14	3.930115146147033
-6ILV_3	Capture 1	15	3.233910891089109
-6ILV_3	Capture 1	18	2.7253121452894438
-6ILV_3	Capture 2	1	5.490693069306931
-6ILV_3	Capture 2	4	3.2069069370545127
-6ILV_3	Capture 2	5	2.183344645038686
-6ILV_3	Capture 2	7	4.438810132465722
-6ILV_3	Capture 2	8	2.6213034441805223
-6ILV_3	Capture 2	13	3.970551480575931
-6ILV_3	Capture 2	14	2.5468085106382983
-6ILV_3	Capture 3	1	3.700950118764846
-6ILV_3	Capture 3	2	3.284503311258278
-6ILV_3	Capture 3	9	3.9272727272727272
-6ILV_3	Capture 3	10	2.906282183316169
-6ILV_3	Capture 3	12	3.820619469026549
-6ILV_3	Capture 3	14	3.6067741935483877
-6ILV_3	Capture 3	16	3.85274302213667
-6ILV_3	Capture 3	17	3.2620405101275325
-6ILV_3	Capture 4	6	4.14468832309043
-6ILV_3	Capture 4	7	2.7342704149933064
-6ILV_3	Capture 4	8	3.129708568943019
-6ILV_3	Capture 4	9	2.406321525885559
-6ILV_3	Capture 5	1	4.129204892966361
-6ILV_3	Capture 5	3	3.7788808664259927
-6ILV_3	Capture 5	5	3.286532951289398
-6ILV_3	Capture 5	8	2.5575721862109604
-6ILV_3	Capture 5	9	3.0337098175499566
-6ILV_3	Capture 5	10	3.681680545041635
-6ILV_3	Capture 5	11	3.50066401062417
-6ILV_3	Capture 5	12	2.992824858757062
-6ILV_3	Capture 6	2	2.4590643274853803
-6ILV_3	Capture 6	3	3.2677226539151225
-6ILV_3	Capture 6	5	6.661257083977331
-6ILV_3	Capture 6	6	3.334494963245304
-6ILV_3	Capture 6	7	3.247198417930125
-6ILV_3	Capture 6	8	3.1738447029236094
-6ILV_3	Capture 6	10	3.7199638663053296
-6ILV_3	Capture 7	2	2.4556962025316458
-6ILV_3	Capture 7	3	3.0945799457994583
-6ILV_3	Capture 7	6	3.6450376454483235
-6ILV_3	Capture 7	7	4.4508680555555555
-6ILV_3	Capture 7	8	2.888368462138954
-6ILV_3	Capture 7	9	3.285878300803674
-6ILV_3	Capture 7	10	4.5873684210526315
-6ILV_3	Capture 7	14	5.261244695898162
-6ILV_3	Capture 7	15	5.2943201376936315
-6ILV_3	Capture 7	16	2.657672849915683
-6ILV_3	Capture 7	18	3.3754259370615354
-6ILV_3	Capture 7	19	3.245031243700867
-6ILV_3	Capture 7	20	3.1681251039760436
-6ILV_3	Capture 8	2	4.796702599873177
-6ILV_3	Capture 9	2	3.7541055718475076
-6ILV_3	Capture 9	7	3.0213410702772405
-6ILV_3	Capture 9	9	3.2021176470588237
-6ILV_3	Capture 9	15	2.2444869343530915
-9ILV_3	Capture 10	2	1.7083706070287543
-9ILV_3	Capture 10	11	1.524581005586592
-9ILV_3	Capture 11	2	1.4130779392338177
-9ILV_3	Capture 11	5	1.609352078239609
-9ILV_3	Capture 11	8	1.5938015607580827
-9ILV_3	Capture 11	9	1.9016035482770384
-9ILV_3	Capture 12	3	1.7423682553012807
-9ILV_3	Capture 12	6	1.7021517553793883
-9ILV_3	Capture 12	7	1.636091921612858
-9ILV_3	Capture 12	10	1.8041834677419355
-9ILV_3	Capture 12	13	2.1641012124406958
-9ILV_3	Capture 13	1	1.8898450946643717
-9ILV_3	Capture 13	3	1.7318450089812674
-9ILV_3	Capture 13	9	1.5540859309182815
-9ILV_3	Capture 13	10	1.6962598425196853
-9ILV_3	Capture 13	13	1.7165151515151515
-9ILV_3	Capture 13	14	1.5537922243467177
-9ILV_3	Capture 13	15	1.3730746619635508
-9ILV_3	Capture 14	3	1.5986509274873524
-9ILV_3	Capture 14	7	1.8252638522427442
-9ILV_3	Capture 14	13	1.7628422023992618
-9ILV_3	Capture 14	16	1.497940828402367
-9ILV_3	Capture 1	1	1.627041499330656
-9ILV_3	Capture 1	2	1.6651267472162994
-9ILV_3	Capture 1	3	1.5142990218910108
-9ILV_3	Capture 1	11	1.567604110329908
-9ILV_3	Capture 1	12	1.824331870761867
-9ILV_3	Capture 2	4	1.5179773174618052
-9ILV_3	Capture 2	7	1.996531005554926
-9ILV_3	Capture 2	9	1.7074969274887342
-9ILV_3	Capture 2	10	1.9977407847800235
-9ILV_3	Capture 3	7	1.5809205020920503
-9ILV_3	Capture 3	8	1.4485268015619452
-9ILV_3	Capture 3	10	2.004812834224599
-9ILV_3	Capture 3	12	1.9931558935361218
-9ILV_3	Capture 4	1	1.5801373783629078
-9ILV_3	Capture 4	6	1.383994773803691
-9ILV_3	Capture 4	7	1.5585131382183293
-9ILV_3	Capture 4	8	1.3289838066181645
-9ILV_3	Capture 5	1	1.6455329636475662
-9ILV_3	Capture 5	2	1.4784355746048754
-9ILV_3	Capture 5	8	1.752621427318955
-9ILV_3	Capture 5	9	1.9128223755902651
-9ILV_3	Capture 5	10	1.5693915181315305
-9ILV_3	Capture 6	5	1.9502695417789757
-9ILV_3	Capture 6	6	1.7501982553528945
-9ILV_3	Capture 6	9	1.3329241877256317
-9ILV_3	Capture 6	10	1.5899003742554425
-9ILV_3	Capture 7	1	1.8048391770501304
-9ILV_3	Capture 7	4	1.6374475230898404
-9ILV_3	Capture 7	5	1.6883957219251335
-9ILV_3	Capture 7	8	1.416650808753568
-9ILV_3	Capture 7	9	1.916170763260026
-9ILV_3	Capture 8	1	1.6461926961926963
-9ILV_3	Capture 8	5	1.5045773795107773
-9ILV_3	Capture 8	6	1.6699208677869652
-9ILV_3	Capture 8	8	1.6135944700460831
-9ILV_3	Capture 8	9	1.5412926391382407
-9ILV_3	Capture 8	10	1.6768529076396805
-9ILV_3	Capture 8	11	2.0200557103064067
-9ILV_3	Capture 9	7	1.2546772068511198
-12ILV_3	Capture 10	1	1.3622361219702894
-12ILV_3	Capture 10	2	1.6270815811606392
-12ILV_3	Capture 10	3	1.7291907514450868
-12ILV_3	Capture 10	6	1.4516496018202503
-12ILV_3	Capture 10	7	1.3309844923779817
-12ILV_3	Capture 10	8	1.3628870165465434
-12ILV_3	Capture 10	11	1.4029380839366719
-12ILV_3	Capture 10	12	1.3259060058906391
-12ILV_3	Capture 10	13	1.487373572593801
-12ILV_3	Capture 10	14	1.7803760848601735
-12ILV_3	Capture 11	2	1.1482322292519538
-12ILV_3	Capture 11	3	1.3737122312106755
-12ILV_3	Capture 11	4	1.3396736410051058
-12ILV_3	Capture 11	6	1.6271522169739447
-12ILV_3	Capture 11	8	1.3821517931609675
-12ILV_3	Capture 12	1	1.3212042147516307
-12ILV_3	Capture 12	2	1.1515919060421678
-12ILV_3	Capture 12	3	1.3882583998066234
-12ILV_3	Capture 12	7	1.578486707566462
-12ILV_3	Capture 12	8	1.59274228807384
-12ILV_3	Capture 12	9	1.3265232974910393
-12ILV_3	Capture 12	10	1.3415924116125324
-12ILV_3	Capture 12	13	1.5487094966542505
-12ILV_3	Capture 13	1	1.4452003856218152
-12ILV_3	Capture 13	3	1.3502728127939794
-12ILV_3	Capture 13	4	1.2707524908232828
-12ILV_3	Capture 14	1	1.3677696717040124
-12ILV_3	Capture 14	3	1.5662458671475805
-12ILV_3	Capture 14	4	1.3814769381746812
-12ILV_3	Capture 15	2	1.3855499907252828
-12ILV_3	Capture 15	4	1.3851488952929876
-12ILV_3	Capture 16	1	1.4463231347289318
-12ILV_3	Capture 16	2	1.4448511469009273
-12ILV_3	Capture 16	6	1.44821910032638
-12ILV_3	Capture 16	9	1.3900568443693349
-12ILV_3	Capture 16	10	1.700097578825395
-12ILV_3	Capture 17	1	1.3920655454937474
-12ILV_3	Capture 17	3	1.3070549036650732
-12ILV_3	Capture 17	6	1.344458834412581
-12ILV_3	Capture 17	7	1.4182665695557177
-12ILV_3	Capture 18	4	1.605215945390102
-12ILV_3	Capture 19	1	1.6584094122157524
-12ILV_3	Capture 19	2	1.193314207745863
-12ILV_3	Capture 19	3	1.2925948634103142
-12ILV_3	Capture 19	5	1.3475470621791215
-12ILV_3	Capture 19	8	1.5843792361055737
-12ILV_3	Capture 1	5	1.7424461327687135
-12ILV_3	Capture 1	6	1.7210516706226038
-12ILV_3	Capture 1	7	1.5166245943021994
-12ILV_3	Capture 1	8	1.4776608681859038
-12ILV_3	Capture 1	13	1.3816468190791569
-12ILV_3	Capture 20	1	1.2829426172148357
-12ILV_3	Capture 20	2	1.2912671331906773
-12ILV_3	Capture 20	3	1.4265075528700908
-12ILV_3	Capture 20	6	1.367493985800622
-12ILV_3	Capture 20	7	1.5194588274594956
-12ILV_3	Capture 21	1	1.5421033345547819
-12ILV_3	Capture 21	2	1.4272
-12ILV_3	Capture 21	3	1.4532510795805058
-12ILV_3	Capture 21	6	1.354694624968583
-12ILV_3	Capture 21	7	1.392446755819713
-12ILV_3	Capture 21	8	1.3695855971023758
-12ILV_3	Capture 21	10	1.4235383612258203
-12ILV_3	Capture 22	11	1.3785664417035142
-12ILV_3	Capture 22	12	1.434251497005988
-12ILV_3	Capture 23	5	1.4687107589149653
-12ILV_3	Capture 23	8	1.4357074322828254
-12ILV_3	Capture 23	10	1.5378079331941545
-12ILV_3	Capture 23	11	1.4211513630716008
-12ILV_3	Capture 23	17	1.4493190345357323
-12ILV_3	Capture 2	1	1.4622033354714559
-12ILV_3	Capture 2	3	1.3608003290633446
-12ILV_3	Capture 2	4	1.2566803278688525
-12ILV_3	Capture 2	5	1.40985021579081
-12ILV_3	Capture 3	1	1.290855140855141
-12ILV_3	Capture 3	2	1.3044174531951107
-12ILV_3	Capture 3	4	1.4028671916813211
-12ILV_3	Capture 3	6	1.508238830441317
-12ILV_3	Capture 3	7	1.39502099580084
-12ILV_3	Capture 3	9	1.3544881125667154
-12ILV_3	Capture 4	2	1.580302677532014
-12ILV_3	Capture 4	3	1.4334061135371179
-12ILV_3	Capture 4	4	1.416949152542373
-12ILV_3	Capture 4	5	1.3662809917355372
-12ILV_3	Capture 4	7	1.1784784320993373
-12ILV_3	Capture 4	9	1.5778632422918974
-12ILV_3	Capture 4	10	1.8554020100502513
-12ILV_3	Capture 4	14	1.4815212282625727
-12ILV_3	Capture 4	15	1.2642471256406704
-12ILV_3	Capture 5	1	1.1896091665358657
-12ILV_3	Capture 5	2	1.362992125984252
-12ILV_3	Capture 5	3	1.3473037768382268
-12ILV_3	Capture 5	6	1.4021634615384615
-12ILV_3	Capture 5	7	1.3332618377347814
-12ILV_3	Capture 5	8	1.2389807357166407
-12ILV_3	Capture 5	11	1.2875890778240315
-12ILV_3	Capture 5	12	1.5633532175473792
-12ILV_3	Capture 6	2	1.6715762396989473
-12ILV_3	Capture 6	4	1.4588771472930335
-12ILV_3	Capture 6	5	1.2374930222709861
-12ILV_3	Capture 7	2	1.3063646170442287
-12ILV_3	Capture 7	4	1.1498357289527723
-12ILV_3	Capture 7	5	1.7123196111195504
-12ILV_3	Capture 7	6	1.2900756269072575
-12ILV_3	Capture 7	7	1.5112838140786131
-12ILV_3	Capture 8	2	1.313402435160458
-12ILV_3	Capture 8	3	1.7111524582769508
-12ILV_3	Capture 8	5	1.5010188825516364
-12ILV_3	Capture 8	6	1.3841588447653428
-12ILV_3	Capture 8	7	1.7516409467160268
-12ILV_3	Capture 9	1	1.2269507323568574
-12ILV_3	Capture 9	2	1.326250612499443
-12ILV_3	Capture 9	4	1.4991739182740507
-12ILV_3	Capture 9	5	1.2601672140937592
-12ILV_3	Capture 9	6	1.6472623844512917
-15ILV_3	Capture 10	1	1.343003023560956
-15ILV_3	Capture 10	2	1.2361372886151436
-15ILV_3	Capture 10	3	1.3236971958117705
-15ILV_3	Capture 10	4	1.5394797452919657
-15ILV_3	Capture 10	6	1.4070505920344456
-15ILV_3	Capture 10	9	1.8812901854508741
-15ILV_3	Capture 10	10	1.7441329040336286
-15ILV_3	Capture 11	1	1.4922932008905634
-15ILV_3	Capture 11	5	1.6080497078735045
-15ILV_3	Capture 11	10	1.1530875671210243
-15ILV_3	Capture 11	13	1.544005328596803
-15ILV_3	Capture 12	1	1.3789116679321691
-15ILV_3	Capture 12	2	1.2533921913170187
-15ILV_3	Capture 12	6	1.2434959975369457
-15ILV_3	Capture 12	7	1.4116977995537863
-15ILV_3	Capture 13	1	1.2054014994128806
-15ILV_3	Capture 13	3	1.8172749391727494
-15ILV_3	Capture 13	4	1.44311621789991
-15ILV_3	Capture 14	2	1.5519078341013826
-15ILV_3	Capture 14	3	1.4326231816048804
-15ILV_3	Capture 14	4	1.3488341216496558
-15ILV_3	Capture 14	7	1.2250119998254572
-15ILV_3	Capture 14	8	1.5251285233114695
-15ILV_3	Capture 14	11	1.352996777658432
-15ILV_3	Capture 15	1	1.3865595611285266
-15ILV_3	Capture 15	2	1.2651041666666667
-15ILV_3	Capture 15	3	1.4442605747497579
-15ILV_3	Capture 15	6	1.5678199376473274
-15ILV_3	Capture 15	7	1.716481892091648
-15ILV_3	Capture 15	9	1.5384615384615385
-15ILV_3	Capture 16	1	1.464413578699293
-15ILV_3	Capture 16	2	1.4565034494363116
-15ILV_3	Capture 16	6	1.2128048780487806
-15ILV_3	Capture 16	9	1.4747118694806165
-15ILV_3	Capture 16	10	1.5636395900802982
-15ILV_3	Capture 16	11	1.560992498557415
-15ILV_3	Capture 16	12	1.5517576768097818
-15ILV_3	Capture 16	14	1.6682720092467733
-15ILV_3	Capture 17	1	1.5153175591531756
-15ILV_3	Capture 17	2	1.2034419780837315
-15ILV_3	Capture 17	9	1.6896358543417367
-15ILV_3	Capture 17	12	1.6941294669923261
-15ILV_3	Capture 17	13	1.1072860238353195
-15ILV_3	Capture 17	14	1.2250523896437504
-15ILV_3	Capture 18	5	1.2266819571865444
-15ILV_3	Capture 18	6	1.3798527091004733
-15ILV_3	Capture 19	2	1.6021243941841683
-15ILV_3	Capture 19	3	1.3869726573159418
-15ILV_3	Capture 19	4	1.941225939076808
-15ILV_3	Capture 19	5	1.2727051966974259
-15ILV_3	Capture 19	6	2.601880929015375
-15ILV_3	Capture 19	8	1.2464514457073046
-15ILV_3	Capture 20	1	2.1762011400651464
-15ILV_3	Capture 20	3	1.416117905299467
-15ILV_3	Capture 20	4	1.1378761904761905
-15ILV_3	Capture 21	4	1.6684235562743792
-15ILV_3	Capture 22	2	1.356392156862745
-15ILV_3	Capture 22	4	1.7401606425702816
-15ILV_3	Capture 22	6	1.223895573543353
-15ILV_3	Capture 22	7	1.38760346184107
-15ILV_3	Capture 22	9	1.439828176387677
-15ILV_3	Capture 23	4	1.3746654772524531
-15ILV_3	Capture 23	6	1.5037783375314862
-15ILV_3	Capture 23	7	1.3320273972602739
-15ILV_3	Capture 23	9	1.634218289085546
-15ILV_3	Capture 23	11	1.4897266018114728
-15ILV_3	Capture 24	2	1.239434248189931
-15ILV_3	Capture 24	3	1.6439361527069276
-15ILV_3	Capture 24	5	1.699429386590585
-15ILV_3	Capture 24	11	1.3456194571351787
-15ILV_3	Capture 24	13	1.352366255144033
-15ILV_3	Capture 24	14	1.6527480634452234
-15ILV_3	Capture 24	15	1.418005005362889
-15ILV_3	Capture 24	16	1.6502479338842977
-15ILV_3	Capture 2	2	1.8328099621007037
-15ILV_3	Capture 2	3	1.4801900070372975
-15ILV_3	Capture 2	4	1.4799451491258142
-15ILV_3	Capture 2	5	1.2715665099733198
-15ILV_3	Capture 2	6	1.277785437768468
-15ILV_3	Capture 2	8	1.9742040574559454
-15ILV_3	Capture 2	9	1.457077625570776
-15ILV_3	Capture 3	1	1.327146739130435
-15ILV_3	Capture 3	4	1.3736652010050252
-15ILV_3	Capture 4	1	2.1282891782667264
-15ILV_3	Capture 4	2	1.293761369716426
-15ILV_3	Capture 4	8	1.4449873631002526
-15ILV_3	Capture 4	9	1.8346947368421052
-15ILV_3	Capture 4	10	1.6235684647302906
-15ILV_3	Capture 4	11	1.3842729970326408
-15ILV_3	Capture 5	3	1.324365779057215
-15ILV_3	Capture 5	4	1.3876626820611153
-15ILV_3	Capture 5	8	1.5460365853658535
-15ILV_3	Capture 5	9	1.186365199213324
-15ILV_3	Capture 5	13	1.220773313115997
-15ILV_3	Capture 5	14	1.3059608028974714
-15ILV_3	Capture 5	15	1.3281782789636192
-15ILV_3	Capture 5	16	1.499339498018494
-15ILV_3	Capture 6	5	1.8660640495867769
-15ILV_3	Capture 6	6	1.4172740046838408
-15ILV_3	Capture 6	9	1.1831627453586777
-15ILV_3	Capture 6	12	1.2379710144927536
-15ILV_3	Capture 6	13	1.7241455347298789
-15ILV_3	Capture 6	14	2.0323953823953826
-15ILV_3	Capture 7	6	1.386745008215904
-15ILV_3	Capture 7	7	1.6793112053905666
-15ILV_3	Capture 8	6	1.4986608362940694
-15ILV_3	Capture 8	8	1.451661497563137
-15ILV_3	Capture 8	9	1.7575842696629214
-15ILV_3	Capture 8	10	1.2748687075701293
-15ILV_3	Capture 8	12	1.3132404987927098
-15ILV_3	Capture 8	13	1.2641803183455327
-15ILV_3	Capture 8	15	1.256765435702817
-15ILV_3	Capture 8	19	1.2777859778597787
-15ILV_3	Capture 8	20	1.4372832829648483
-15ILV_3	Capture 9	2	1.3180050584887764
-15ILV_3	Capture 9	4	1.386798460926098
-15ILV_3	Capture 9	5	1.3176945910290236
-15ILV_3	Capture 9	6	1.3622040252565117
-15ILV_3	Capture 9	7	1.4619862890779223
-19ILV_3	Capture 10	2	1.2676771929824562
-19ILV_3	Capture 10	5	1.2565823858815544
-19ILV_3	Capture 10	6	1.1641874376869392
-19ILV_3	Capture 10	8	1.2965371484311492
-19ILV_3	Capture 11	1	1.345144927536232
-19ILV_3	Capture 11	2	1.3067857142857142
-19ILV_3	Capture 11	3	1.2849067949488875
-19ILV_3	Capture 11	4	1.5645854657113611
-19ILV_3	Capture 11	6	1.2993861472279955
-19ILV_3	Capture 11	7	1.3015072765072764
-19ILV_3	Capture 11	8	1.1829603700462559
-19ILV_3	Capture 11	10	1.5003006614552015
-19ILV_3	Capture 12	1	1.8886684471575736
-19ILV_3	Capture 12	3	1.220280868137881
-19ILV_3	Capture 12	4	1.449485500467727
-19ILV_3	Capture 12	6	1.4802179222243095
-19ILV_3	Capture 12	8	1.4805745554035565
-19ILV_3	Capture 12	9	1.5848114571015635
-19ILV_3	Capture 13	1	1.3085350318471338
-19ILV_3	Capture 13	5	1.6587913669064749
-19ILV_3	Capture 13	6	1.1332897745834694
-19ILV_3	Capture 14	1	1.5887257083518764
-19ILV_3	Capture 15	3	1.4717251252684325
-19ILV_3	Capture 15	6	1.3963178794286009
-19ILV_3	Capture 16	1	1.5179275362318843
-19ILV_3	Capture 16	4	1.4587311364336308
-19ILV_3	Capture 16	6	0.9717089813460942
-19ILV_3	Capture 16	8	1.171673582295989
-19ILV_3	Capture 16	9	1.0998028391167192
-19ILV_3	Capture 17	2	1.4423215055308145
-19ILV_3	Capture 17	4	1.123334194214876
-19ILV_3	Capture 17	9	1.3977131906739062
-19ILV_3	Capture 17	10	1.4963103635377104
-19ILV_3	Capture 17	11	1.3631382606668223
-19ILV_3	Capture 18	3	1.4451616344820228
-19ILV_3	Capture 18	7	1.2141976830170076
-19ILV_3	Capture 19	2	1.5341730558598026
-19ILV_3	Capture 19	4	1.4527287716405606
-19ILV_3	Capture 19	6	1.216231884057971
-19ILV_3	Capture 19	7	1.4754683318465656
-19ILV_3	Capture 19	9	1.3871160511533405
-19ILV_3	Capture 19	10	1.4594438614900314
-19ILV_3	Capture 20	1	1.648039137697876
-19ILV_3	Capture 20	2	1.1135194920853801
-19ILV_3	Capture 20	3	1.2862055048833643
-19ILV_3	Capture 20	6	1.3881399924645204
-19ILV_3	Capture 20	10	1.2432708497025482
-19ILV_3	Capture 21	1	1.5364112512124157
-19ILV_3	Capture 21	2	1.2907790741437712
-19ILV_3	Capture 21	3	1.689269187112547
-19ILV_3	Capture 21	5	1.0393797997472538
-19ILV_3	Capture 21	6	1.554950495049505
-19ILV_3	Capture 21	7	1.3330550401978976
-19ILV_3	Capture 21	11	2.1077399380804955
-19ILV_3	Capture 21	12	1.4237998549673676
-19ILV_3	Capture 21	13	1.3489661440581686
-19ILV_3	Capture 21	15	1.387046551455706
-19ILV_3	Capture 22	1	1.2920155142436807
-19ILV_3	Capture 22	6	1.3137225623413469
-19ILV_3	Capture 22	7	1.1563334322159597
-19ILV_3	Capture 22	8	1.8743134959935177
-19ILV_3	Capture 22	9	1.3380853380853381
-19ILV_3	Capture 23	4	1.1318941749281397
-19ILV_3	Capture 23	6	1.2578298269250698
-19ILV_3	Capture 23	7	1.2580239082703097
-19ILV_3	Capture 23	8	1.6164314090102274
-19ILV_3	Capture 23	9	1.2396606574761402
-19ILV_3	Capture 23	10	1.475350337735659
-19ILV_3	Capture 24	2	1.4386224934612033
-19ILV_3	Capture 24	4	1.3370170515864455
-19ILV_3	Capture 24	5	1.4265229205013585
-19ILV_3	Capture 24	6	1.107039537126326
-19ILV_3	Capture 2	2	1.3102246139447824
-19ILV_3	Capture 2	3	1.479918981481482
-19ILV_3	Capture 2	6	1.226240324831874
-19ILV_3	Capture 2	7	1.2365386846073543
-19ILV_3	Capture 2	9	1.0583611446424768
-19ILV_3	Capture 2	10	1.2134918583613337
-19ILV_3	Capture 2	11	1.0484665691163735
-19ILV_3	Capture 2	14	1.502621722846442
-19ILV_3	Capture 3	1	2.2003685956505716
-19ILV_3	Capture 3	2	3.6799999999999997
-19ILV_3	Capture 3	6	1.361323029974898
-19ILV_3	Capture 3	7	1.2840906541007515
-19ILV_3	Capture 3	9	1.2027754763877383
-19ILV_3	Capture 4	1	1.374480863842566
-19ILV_3	Capture 4	2	1.5011465712407797
-19ILV_3	Capture 5	3	1.4531842887908932
-19ILV_3	Capture 7	4	1.361626065314126
-19ILV_3	Capture 8	1	1.251827942823266
-19ILV_3	Capture 8	4	2.1950235373234706
-19ILV_3	Capture 8	5	1.3288637353069221
-19ILV_3	Capture 8	7	1.2356971514242878
-19ILV_3	Capture 8	8	1.1898934717290357
-19ILV_3	Capture 8	9	1.3603738890591481
-19ILV_3	Capture 9	3	1.096430965147453
-19ILV_3	Capture 9	5	1.4338345864661655
-19ILV_3	Capture 9	6	1.3341674486497759
-19ILV_3	Capture 9	9	1.1632215068338416
-19ILV_3	Capture 9	10	1.603876914734987
-19ILV_3	Capture 9	11	1.3922337962962963
-19ILV_3	Capture 9	12	1.2768436578171092
